bitcoin,gold,azadi,usd,timestamp
"96,755.5","4,590,701","50,000,000",70550,2024-11-30 22:23:43
"97,104.95","4,561,383","49,400,000",70300,2024-12-01 13:17:59
"97,704.21","4,560,690","49,400,000",70350,2024-12-01 22:11:32
"97,583.57","4,560,690","49,400,000",70350,2024-12-02 03:30:13
"96,274.63","4,560,690","49,300,000",70500,2024-12-02 06:13:30
"95,227.85","4,588,854","49,500,000",70950,2024-12-02 09:10:45
"95,151.0","4,585,160","49,500,000",70700,2024-12-02 12:16:54
"96,341.42","4,588,854","49,500,000",70700,2024-12-02 15:09:46
"95,301.52","4,587,469","49,500,000",70850,2024-12-02 18:11:58
"95,519.96","4,587,469","49,500,000",70850,2024-12-02 21:08:08
"96,053.39","4,587,469","49,500,000",70850,2024-12-03 00:41:19
"96,076.47","4,587,469","49,500,000",70850,2024-12-03 03:29:44
"96,170.17","4,587,469","49,500,000",70850,2024-12-03 06:13:32
"94,933.13","4,612,401","49,600,000",71050,2024-12-03 12:15:35
"95,737.17","4,620,250","49,600,000",71400,2024-12-03 15:09:39
"95,729.1","4,635,486","49,600,000",71400,2024-12-03 18:11:05
"95,695.27","4,635,486","49,600,000",71400,2024-12-03 21:08:51
"95,797.96","4,635,486","49,600,000",71400,2024-12-04 03:27:59
"96,396.68","4,635,486","49,800,000",71500,2024-12-04 06:13:33
"96,781.71","4,655,108","49,900,000",71750,2024-12-04 09:10:06
"96,091.41","4,659,033","49,900,000",71750,2024-12-04 12:15:30
"96,230.82","4,676,116","50,000,000",71800,2024-12-04 15:09:34
"95,794.48","4,686,042","50,000,000",71950,2024-12-04 18:12:19
"99,015.49","4,686,042","50,000,000",71950,2024-12-04 21:08:18
"102,569.5","4,686,042","50,000,000",71950,2024-12-05 03:28:17
"102,276.68","4,686,042","50,000,000",71950,2024-12-05 06:12:42
"102,854.75","4,659,725","50,000,000",71750,2024-12-05 09:09:42
"102,839.05","4,649,799","50,000,000",71650,2024-12-05 12:15:57
"103,520.05","4,640,565","50,000,000",71700,2024-12-05 15:09:32
"101,423.2","4,616,556","50,000,000",71700,2024-12-05 18:10:24
"99,347.94","4,616,556","50,000,000",71750,2024-12-05 21:08:20
"97,239.33","4,616,556","50,000,000",71750,2024-12-06 00:40:27
"97,357.47","4,616,556","50,000,000",71750,2024-12-06 03:27:17
"98,451.69","4,620,942","50,000,000",71650,2024-12-06 12:15:17
"99,074.29","4,616,325","50,000,000",71600,2024-12-06 15:08:58
"101,349.98","4,601,551","50,000,000",71450,2024-12-06 21:08:25
"100,343.81","4,601,551","50,000,000",71450,2024-12-07 00:40:01
"99,826.01","4,601,551","50,000,000",71450,2024-12-07 03:25:38
"99,629.82","4,576,388","49,600,000",71300,2024-12-07 09:08:07
"99,636.5","4,606,399","49,500,000",71600,2024-12-07 15:07:34
"99,736.18","4,607,322","49,500,000",71650,2024-12-07 18:10:33
"100,457.8","4,607,322","49,500,000",71650,2024-12-07 21:07:13
"99,952.58","4,607,322","49,500,000",71650,2024-12-08 00:44:21
"100,168.9","4,607,322","49,500,000",71650,2024-12-08 03:30:30
"99,530.49","4,607,322","49,600,000",71850,2024-12-08 06:11:25
"99,082.13","4,659,264","49,800,000",72300,2024-12-08 09:08:11
"99,622.61","4,658,571","50,000,000",72200,2024-12-08 12:14:34
"99,823.22","4,661,572","50,000,000",72300,2024-12-08 15:05:25
"99,934.91","4,638,718","50,000,000",72000,2024-12-08 18:10:46
"99,875.65","4,638,718","50,000,000",72000,2024-12-08 21:07:15
"99,592.71","4,638,718","50,000,000",72000,2024-12-09 00:42:12
"99,318.94","4,638,718","50,000,000",72050,2024-12-09 06:13:52
"98,928.03","4,670,575","50,100,000",72200,2024-12-09 09:10:22
"98,341.13","4,702,433","50,300,000",72550,2024-12-09 12:16:29
"97,587.57","4,698,047","50,200,000",72500,2024-12-09 18:12:21
"97,644.7","4,698,047","50,200,000",72550,2024-12-10 01:40:16
"95,883.62","4,698,047","50,200,000",72550,2024-12-10 03:30:03
"97,134.88","4,698,047","50,300,000",72600,2024-12-10 06:13:09
"97,546.44","4,727,365","50,500,000",72650,2024-12-10 09:10:12
"97,592.18","4,742,139","50,500,000",72850,2024-12-10 12:15:49
"98,064.49","4,741,216","50,500,000",72750,2024-12-10 15:09:44
"94,432.18","4,777,921","50,500,000",73150,2024-12-10 18:12:30
"96,722.61","4,777,921","50,500,000",73200,2024-12-10 21:08:09
"96,250.4","4,777,921","50,500,000",73200,2024-12-11 00:40:45
"97,328.26","4,777,921","50,500,000",73200,2024-12-11 03:27:17
"97,656.52","4,777,921","50,800,000",73200,2024-12-11 06:12:49
"98,011.83","4,821,321","51,300,000",73600,2024-12-11 09:09:45
"98,327.93","4,828,477","51,300,000",73600,2024-12-11 12:15:40
"99,716.16","4,863,105","51,300,000",73800,2024-12-11 15:09:28
"100,053.35","4,872,339","51,300,000",73750,2024-12-11 18:12:26
"101,296.46","4,872,339","51,300,000",73750,2024-12-11 21:08:01
"101,005.75","4,872,339","51,300,000",73750,2024-12-12 00:40:58
"101,363.26","4,872,339","51,300,000",73750,2024-12-12 03:28:00
"100,566.77","4,872,339","51,600,000",73850,2024-12-12 06:13:26
"101,086.01","4,816,935","51,400,000",73150,2024-12-12 09:09:41
"100,578.06","4,822,244","51,200,000",73350,2024-12-12 12:16:18
"101,547.59","4,798,698","51,200,000",73550,2024-12-12 15:09:19
"101,527.7","4,808,855","51,200,000",73600,2024-12-12 18:11:59
"99,887.28","4,808,855","51,200,000",73650,2024-12-12 21:08:21
"100,294.83","4,808,855","51,200,000",73650,2024-12-13 00:41:16
"99,649.99","4,808,855","51,200,000",73650,2024-12-13 03:29:16
"99,978.08","4,808,855","51,200,000",73650,2024-12-13 06:13:04
"100,256.96","4,792,695","51,200,000",73650,2024-12-13 09:09:41
"100,327.61","4,788,309","51,200,000",73650,2024-12-13 12:15:20
"100,865.3","4,790,387","51,200,000",73900,2024-12-13 15:09:28
"101,774.26","4,807,470","51,200,000",74200,2024-12-13 18:11:47
"101,590.46","4,807,470","51,200,000",74150,2024-12-13 21:08:21
"101,300.84","4,807,470","51,200,000",74150,2024-12-14 00:39:58
"102,152.02","4,807,470","51,200,000",74150,2024-12-14 03:22:57
"101,805.8","4,807,470","51,200,000",74100,2024-12-14 06:11:17
"101,662.04","4,853,871","51,300,000",74800,2024-12-14 09:08:25
"101,473.78","4,883,881","51,700,000",75400,2024-12-14 12:13:33
"101,399.85","4,872,801","51,700,000",75250,2024-12-14 15:08:03
"101,090.95","4,880,650","51,700,000",75550,2024-12-14 18:10:16
"100,888.93","4,880,650","51,700,000",75550,2024-12-14 21:05:59
"101,360.91","4,880,650","51,700,000",75550,2024-12-15 00:47:13
"101,788.05","4,880,650","51,700,000",75550,2024-12-15 03:31:08
"102,039.17","4,880,650","51,800,000",75550,2024-12-15 06:11:50
"101,952.17","4,867,260","51,800,000",75450,2024-12-15 09:08:12
"102,906.43","4,841,636","51,800,000",75100,2024-12-15 12:14:02
"102,806.27","4,852,717","51,700,000",75400,2024-12-15 15:08:04
"103,083.01","4,843,713","51,700,000",75300,2024-12-15 18:10:55
"102,999.91","4,843,713","51,700,000",75350,2024-12-15 21:07:48
"106,350.96","4,843,713","51,700,000",75350,2024-12-16 00:43:59
"104,812.84","4,843,713","51,700,000",75350,2024-12-16 03:31:11
"105,094.81","4,843,713","51,800,000",75400,2024-12-16 06:14:27
"104,627.75","4,909,275","52,100,000",75850,2024-12-16 09:10:24
"105,810.19","4,936,054","52,700,000",76450,2024-12-16 15:09:36
"107,118.03","4,940,902","52,700,000",76700,2024-12-16 18:12:03
"105,778.17","4,940,902","52,700,000",76650,2024-12-16 21:08:25
"106,073.75","4,940,902","52,700,000",76650,2024-12-17 00:40:35
"106,567.56","4,940,902","52,700,000",76650,2024-12-17 03:26:29
"106,781.56","4,940,902","52,700,000",76950,2024-12-17 06:13:04
"107,422.75","4,964,679","53,000,000",77150,2024-12-17 09:09:47
"106,595.99","4,932,591","52,700,000",77050,2024-12-17 12:16:04
"107,844.32","4,924,511","52,700,000",77000,2024-12-17 15:09:17
"107,615.66","4,940,440","52,700,000",77100,2024-12-17 18:12:14
"106,531.76","4,940,440","52,700,000",77150,2024-12-17 21:06:13
"105,885.79","4,940,440","52,700,000",77150,2024-12-18 00:39:25
"104,943.31","4,940,440","52,700,000",77150,2024-12-18 03:21:21
"103,699.47","4,940,440","52,700,000",77350,2024-12-18 06:12:48
"104,088.23","4,975,991","53,000,000",77650,2024-12-18 09:09:37
"105,241.55","4,962,140","53,000,000",77450,2024-12-18 12:16:32
"103,704.81","4,971,143","53,000,000",77800,2024-12-18 15:08:49
"104,831.34","4,959,139","53,000,000",77500,2024-12-18 18:13:02
"100,598.97","4,959,139","53,000,000",77500,2024-12-18 21:07:52
"100,852.61","4,959,139","53,000,000",77500,2024-12-19 00:39:40
"100,998.7","4,959,139","53,000,000",77500,2024-12-19 03:22:04
"101,047.25","4,959,139","52,900,000",77950,2024-12-19 06:12:21
"101,724.55","4,909,044","52,600,000",77300,2024-12-19 09:09:41
"102,409.14","4,867,029","52,300,000",76750,2024-12-19 12:15:20
"100,655.43","4,867,953","52,300,000",76950,2024-12-19 15:09:08
"98,244.68","4,880,188","52,300,000",77100,2024-12-19 18:11:11
"96,058.74","4,880,188","52,300,000",77100,2024-12-19 21:07:57
"96,814.58","4,880,188","52,300,000",77100,2024-12-20 00:37:31
"97,342.5","4,880,188","52,300,000",77100,2024-12-20 03:14:44
"96,825.81","4,880,188","52,300,000",77100,2024-12-20 06:12:07
"95,237.49","4,906,043","52,300,000",77100,2024-12-20 09:09:04
"92,230.63","4,896,578","52,300,000",77150,2024-12-20 12:14:30
"95,972.51","4,910,660","52,300,000",77050,2024-12-20 15:08:34
"96,844.84","4,918,047","52,300,000",76950,2024-12-20 18:11:02
"96,463.84","4,918,047","52,300,000",77000,2024-12-20 21:04:55
"97,298.66","4,918,047","52,300,000",77000,2024-12-21 00:37:36
"97,268.45","4,918,047","52,300,000",77000,2024-12-21 03:12:04
"98,559.23","4,918,047","52,300,000",77200,2024-12-21 06:10:46
"98,447.09","4,893,346","52,200,000",76800,2024-12-21 09:07:57
"97,873.57","4,867,260","51,800,000",76300,2024-12-21 12:13:19
"97,109.82","4,884,574","51,800,000",76350,2024-12-21 15:06:27
"97,613.62","4,883,651","51,800,000",76350,2024-12-21 18:09:44
"97,494.58","4,883,651","51,800,000",76300,2024-12-21 21:03:19
"97,302.45","4,883,651","51,800,000",76300,2024-12-22 00:42:04
"96,609.38","4,883,651","51,800,000",76300,2024-12-22 03:17:31
"96,278.17","4,883,651","51,700,000",76150,2024-12-22 06:10:24
"96,349.35","4,858,719","51,400,000",75900,2024-12-22 09:07:52
"96,914.84","4,865,413","51,600,000",76150,2024-12-22 12:13:02
"95,367.82","4,885,959","51,600,000",76300,2024-12-22 15:04:40
"95,852.38","4,902,350","51,600,000",76400,2024-12-22 18:09:45
"95,434.26","4,902,350","51,600,000",76600,2024-12-22 21:04:29
"94,565.37","4,902,350","51,600,000",76600,2024-12-23 00:40:27
"95,144.96","4,902,350","51,600,000",76600,2024-12-23 03:15:53
"95,080.31","4,902,350","51,600,000",76600,2024-12-23 06:12:47
"96,024.59","4,981,070","52,400,000",77800,2024-12-23 09:09:19
"95,761.21","5,010,388","52,600,000",78400,2024-12-23 12:15:52
"93,702.25","4,992,843","52,700,000",78250,2024-12-23 15:08:35
"93,407.13","5,003,231","52,700,000",78400,2024-12-23 18:10:53
"93,256.9","5,003,231","52,700,000",78400,2024-12-23 21:04:50
"94,289.23","5,003,231","52,700,000",78400,2024-12-24 00:37:14
"93,721.95","5,003,231","52,700,000",78400,2024-12-24 03:14:24
"94,372.03","5,003,231","52,600,000",78300,2024-12-24 06:11:47
"94,270.18","5,022,854","52,800,000",78500,2024-12-24 09:10:07
"97,226.5","5,066,485","52,900,000",79650,2024-12-24 15:07:54
"98,958.86","5,048,016","52,900,000",79600,2024-12-24 18:11:37
"97,381.97","5,048,016","52,900,000",79600,2024-12-24 21:05:16
"98,494.03","5,048,016","52,900,000",79600,2024-12-25 00:36:59
"98,139.82","5,048,016","52,900,000",79600,2024-12-25 03:12:43
"98,152.83","5,048,016","53,200,000",79650,2024-12-25 06:12:10
"98,012.25","5,024,008","52,900,000",78700,2024-12-25 09:08:40
"97,940.28","5,027,702","53,000,000",79000,2024-12-25 12:14:14
"98,437.32","5,081,259","53,000,000",79600,2024-12-25 15:08:25
"98,625.12","5,070,871","53,000,000",79450,2024-12-25 18:10:39
"99,309.31","5,070,871","53,000,000",79300,2024-12-25 21:07:35
"99,154.7","5,070,871","53,000,000",79300,2024-12-26 00:37:16
"98,630.26","5,070,871","53,000,000",79300,2024-12-26 03:13:52
"98,258.06","5,070,871","53,200,000",79400,2024-12-26 06:12:00
"95,693.6","5,125,352","53,700,000",79850,2024-12-26 09:08:40
"95,438.88","5,119,119","53,700,000",80050,2024-12-26 12:14:30
"95,293.58","5,152,361","53,700,000",80400,2024-12-26 15:08:00
"95,721.88","5,119,119","53,700,000",80150,2024-12-26 18:11:17
"95,616.25","5,119,119","53,700,000",80100,2024-12-26 21:05:12
"95,366.66","5,119,119","53,700,000",80100,2024-12-27 00:37:36
"96,126.58","5,119,119","53,700,000",80100,2024-12-27 03:13:54
"96,167.77","5,119,119","53,700,000",80100,2024-12-27 06:11:57
"97,199.54","5,113,116","53,700,000",80100,2024-12-27 09:08:36
"96,778.44","5,134,816","53,700,000",80200,2024-12-27 12:14:02
"95,177.23","5,132,046","53,700,000",80600,2024-12-27 15:07:56
"94,132.6","5,152,130","53,700,000",80800,2024-12-27 18:11:08
"94,522.39","5,152,130","53,700,000",80850,2024-12-27 21:04:40
"94,189.41","5,152,130","53,700,000",80850,2024-12-28 00:36:30
"94,282.22","5,152,130","53,700,000",80850,2024-12-28 03:11:24
"94,447.77","5,152,130","53,900,000",81150,2024-12-28 06:10:29
"94,359.96","5,203,610","54,500,000",81500,2024-12-28 09:07:58
"94,667.07","5,207,534","54,400,000",81550,2024-12-28 12:12:51
"94,366.64","5,247,472","55,200,000",82050,2024-12-28 15:04:11
"94,842.86","5,258,322","55,200,000",82150,2024-12-28 18:09:41
"94,887.17","5,258,322","55,200,000",82100,2024-12-28 21:03:36
"94,968.37","5,258,322","55,200,000",82100,2024-12-29 00:41:17
"94,869.41","5,258,322","55,200,000",82100,2024-12-29 03:19:16
"94,846.12","5,258,322","55,300,000",81800,2024-12-29 06:10:42
"94,950.6","5,232,236","55,500,000",81600,2024-12-29 09:07:36
"94,902.61","5,149,822","54,600,000",80850,2024-12-29 12:12:50
"94,476.75","5,127,891","54,000,000",80450,2024-12-29 15:03:12
"93,628.59","5,150,514","54,000,000",80450,2024-12-29 18:09:40
"93,680.79","5,150,514","54,000,000",80300,2024-12-29 21:04:48
"93,391.79","5,150,514","54,000,000",80300,2024-12-30 00:39:56
"93,812.7","5,150,514","54,000,000",80300,2024-12-30 03:16:26
"93,330.52","5,150,514","54,000,000",80600,2024-12-30 06:12:44
"93,600.72","5,136,202","53,800,000",80450,2024-12-30 09:09:21
"93,785.15","5,197,377","54,200,000",81250,2024-12-30 12:14:32
"91,625.72","5,202,917","54,600,000",81450,2024-12-30 15:09:13
"93,649.16","5,253,012","54,600,000",82100,2024-12-30 18:10:52
"94,003.37","5,253,012","54,600,000",82100,2024-12-30 21:07:46
"92,266.63","5,253,012","54,600,000",82100,2024-12-31 00:37:33
"92,191.31","5,253,012","54,600,000",82100,2024-12-31 03:13:08
"92,814.99","5,253,012","54,700,000",82000,2024-12-31 06:11:32
"93,698.81","5,232,928","54,700,000",81800,2024-12-31 09:08:35
"95,446.57","5,227,388","54,500,000",81850,2024-12-31 15:07:59
"108,384.02","7,322,591","76,000,000",90000,2025-07-06 18:50:26
"108,935.23","7,322,591","76,000,000",90000,2025-07-06 21:17:37
"109,107.64","7,322,591","76,000,000",90000,2025-07-07 01:42:36
"109,427.04","7,322,591","76,000,000",90000,2025-07-07 03:55:36
"109,178.26","7,322,591","74,500,000",90200,2025-07-07 06:31:29
"108,810.33","7,163,073","73,500,000",89200,2025-07-07 09:23:04
"108,502.9","7,119,673","72,700,000",88200,2025-07-07 12:39:23
"108,423.3","7,140,218","72,700,000",87950,2025-07-07 15:19:54
"107,827.61","7,128,214","72,700,000",87250,2025-07-07 18:27:26
"107,964.89","7,128,214","72,700,000",87200,2025-07-07 21:19:13
"108,061.56","7,128,214","72,700,000",87200,2025-07-08 01:29:02
"107,903.89","7,128,214","72,700,000",87200,2025-07-08 03:50:58
"108,146.55","7,128,214","72,500,000",86650,2025-07-08 06:28:51
"108,347.06","7,107,438","71,800,000",87300,2025-07-08 09:21:40
"108,745.87","7,046,031","71,200,000",86450,2025-07-08 12:40:36
"108,469.02","6,985,548","71,200,000",86550,2025-07-08 15:21:14
"108,991.29","7,020,407","71,200,000",86750,2025-07-08 18:28:13
"108,743.85","7,020,407","71,200,000",86750,2025-07-08 21:21:55
"108,772.12","7,020,407","71,200,000",86750,2025-07-09 01:39:25
"108,384.69","7,020,407","71,200,000",86750,2025-07-09 03:53:29
"108,728.55","7,020,407","71,200,000",86750,2025-07-09 06:30:19
"108,615.82","6,965,926","71,200,000",86550,2025-07-09 09:23:16
"109,532.88","7,005,863","71,200,000",86900,2025-07-09 12:40:34
"108,978.04","7,023,869","71,200,000",86800,2025-07-09 15:21:12
"109,564.98","7,023,639","71,200,000",86850,2025-07-09 18:28:58
"111,110.01","7,023,639","71,200,000",86850,2025-07-09 21:19:11
"111,217.1","7,023,639","71,200,000",86850,2025-07-10 01:39:16
"111,100.67","7,023,639","71,200,000",86850,2025-07-10 03:53:54
"111,345.72","7,023,639","72,200,000",86900,2025-07-10 06:30:05
"111,230.95","7,056,650","72,200,000",86950,2025-07-10 09:23:33
"110,886.68","7,067,269","72,200,000",87350,2025-07-10 12:40:04
"111,363.3","7,080,659","72,200,000",87550,2025-07-10 15:22:26
"113,260.76","7,099,127","72,200,000",87800,2025-07-10 18:28:10
"115,429.88","7,099,127","72,200,000",87850,2025-07-10 21:21:05
"115,943.76","7,099,127","72,200,000",87850,2025-07-11 01:40:37
"116,822.94","7,099,127","72,200,000",87850,2025-07-11 03:59:19
"118,192.16","7,099,127","72,200,000",87850,2025-07-11 06:30:58
"118,184.48","7,115,517","72,200,000",87550,2025-07-11 09:21:43
"117,853.04","7,100,050","72,200,000",86950,2025-07-11 12:39:47
"117,693.77","7,141,142","72,200,000",87050,2025-07-11 15:20:58
"117,496.77","7,091,971","72,200,000",86850,2025-07-11 18:28:05
"117,736.86","7,091,971","72,200,000",86900,2025-07-11 21:19:04
"117,610.55","7,091,971","72,200,000",86900,2025-07-12 01:42:32
"117,735.12","7,091,971","72,200,000",86900,2025-07-12 03:53:41
"117,851.65","7,091,971","72,200,000",87200,2025-07-12 06:28:33
"117,992.87","6,975,622","71,500,000",87300,2025-07-12 09:20:23
"117,722.58","6,975,622","71,500,000",87300,2025-07-12 12:36:47
"117,487.87","6,978,161","71,500,000",87350,2025-07-12 15:19:42
"117,443.34","6,983,009","71,500,000",87350,2025-07-12 18:25:59
"117,197.25","6,983,009","71,500,000",87400,2025-07-12 21:18:07
"117,560.26","6,983,009","71,500,000",87400,2025-07-13 01:48:01
"117,802.35","6,983,009","71,500,000",87400,2025-07-13 04:00:06
"117,896.91","6,983,009","71,500,000",87250,2025-07-13 06:28:14
"117,899.6","7,007,017","71,500,000",87800,2025-07-13 09:21:33
"118,121.05","7,103,975","72,500,000",89000,2025-07-13 12:39:52
"119,040.89","7,100,743","72,500,000",88950,2025-07-13 15:19:11
"118,966.77","7,213,860","72,500,000",89600,2025-07-13 18:25:45
"118,965.84","7,213,860","72,500,000",89600,2025-07-13 21:18:25
"119,234.16","7,213,860","72,500,000",89600,2025-07-14 01:45:04
"120,783.69","7,213,860","72,500,000",89600,2025-07-14 04:03:31
"122,372.41","7,213,860","73,500,000",89100,2025-07-14 06:31:50
"122,152.62","7,219,400","74,500,000",90200,2025-07-14 09:27:24
"121,750.09","7,173,923","74,500,000",90050,2025-07-14 12:42:01
"120,489.64","7,138,833","73,500,000",89750,2025-07-14 15:22:50
"120,123.08","7,102,590","73,500,000",89400,2025-07-14 18:30:16
"120,008.73","7,102,590","73,500,000",89400,2025-07-14 21:19:27
"119,382.05","7,102,590","73,500,000",89400,2025-07-15 01:44:55
"117,258.53","7,102,590","73,500,000",89400,2025-07-15 03:59:29
"117,024.46","7,102,590","73,500,000",89750,2025-07-15 06:31:14
"116,964.09","7,149,452","73,000,000",89100,2025-07-15 09:29:43
"116,843.36","7,084,583","72,500,000",88650,2025-07-15 12:41:40
"116,298.72","7,087,584","72,500,000",88800,2025-07-15 15:20:19
"116,820.24","7,066,808","72,500,000",88950,2025-07-15 18:30:31
"116,973.01","7,066,808","72,500,000",88950,2025-07-15 21:19:36
"117,741.58","7,066,808","72,500,000",88950,2025-07-16 01:42:05
"117,465.46","7,066,808","72,500,000",88950,2025-07-16 03:58:02
"118,005.25","7,066,808","72,200,000",89000,2025-07-16 06:29:58
"119,073.24","7,088,046","72,500,000",88900,2025-07-16 09:25:28
"118,927.95","7,095,433","73,000,000",89150,2025-07-16 12:43:13
"119,241.48","7,160,072","73,000,000",89100,2025-07-16 15:23:10
"119,227.41","7,133,293","73,000,000",89100,2025-07-16 18:28:58
"119,819.34","7,133,293","73,000,000",89150,2025-07-16 21:20:22
"118,217.62","7,133,293","73,000,000",89150,2025-07-17 01:43:18
"118,160.53","7,133,293","73,000,000",89150,2025-07-17 03:58:33
"118,794.77","7,133,293","72,800,000",88900,2025-07-17 06:31:25
"118,955.27","7,100,512","72,800,000",88950,2025-07-17 09:25:53
"117,910.49","7,065,423","72,800,000",88900,2025-07-17 12:44:18
"118,554.91","7,109,515","72,800,000",88900,2025-07-17 15:22:42
"119,656.93","7,113,901","72,800,000",88800,2025-07-17 18:30:14
"120,445.56","7,113,901","72,800,000",88800,2025-07-17 21:19:04
"120,574.68","7,113,901","72,800,000",88800,2025-07-18 01:43:41
"120,344.99","7,113,901","72,800,000",88800,2025-07-18 04:00:10
"120,276.14","7,113,901","72,800,000",88800,2025-07-18 06:31:10
"118,797.29","7,142,065","72,800,000",88800,2025-07-18 09:24:10
"119,431.25","7,147,836","72,800,000",88650,2025-07-18 12:42:09
"117,856.73","7,134,216","72,800,000",88650,2025-07-18 15:21:30
"117,640.11","7,129,830","72,800,000",88650,2025-07-18 18:29:13
"117,934.68","7,129,830","72,800,000",88150,2025-07-18 21:19:46
"118,073.9","7,129,830","72,800,000",88150,2025-07-19 01:39:45
"118,366.62","7,129,830","72,800,000",88150,2025-07-19 03:52:49
"118,253.38","7,129,830","72,200,000",88000,2025-07-19 06:29:05
"118,232.39","7,066,115","71,800,000",87950,2025-07-19 09:20:03
"118,260.93","7,050,879","71,700,000",87750,2025-07-19 12:38:35
"118,213.38","7,049,956","71,500,000",87700,2025-07-19 15:20:08
"118,027.42","7,019,483","71,500,000",87350,2025-07-19 18:26:33
"117,629.16","7,019,483","71,500,000",87400,2025-07-19 21:18:48
"118,084.04","7,019,483","71,500,000",87400,2025-07-20 01:50:04
"118,019.79","7,019,483","71,500,000",87400,2025-07-20 04:05:56
"117,882.81","7,019,483","71,200,000",87700,2025-07-20 06:27:52
"118,104.24","6,967,080","71,000,000",87400,2025-07-20 09:19:23
"117,917.26","6,936,377","71,000,000",87000,2025-07-20 12:39:28
"118,599.78","6,940,301","71,000,000",86950,2025-07-20 15:20:47
"118,230.01","6,930,606","71,000,000",87000,2025-07-20 18:27:32
"117,990.36","6,930,606","71,000,000",87000,2025-07-20 21:19:26
"117,025.51","6,930,606","71,000,000",87000,2025-07-21 01:47:26
"118,435.55","6,930,606","71,000,000",87000,2025-07-21 04:05:40
"118,886.19","6,930,606","71,000,000",87150,2025-07-21 06:30:41
"118,840.66","7,073,272","71,200,000",88100,2025-07-21 09:28:18
"118,206.96","7,106,745","71,200,000",87950,2025-07-21 12:42:43
"118,951.56","7,118,980","71,200,000",87750,2025-07-21 15:21:48
"118,029.22","7,113,901","71,200,000",87900,2025-07-21 18:30:04
"117,145.1","7,113,901","71,200,000",87850,2025-07-21 21:19:33
"117,809.46","7,113,901","71,200,000",87850,2025-07-22 01:42:17
"117,218.15","7,113,901","71,200,000",87850,2025-07-22 04:00:03
"117,740.35","7,113,901","71,200,000",88250,2025-07-22 06:31:45
"118,044.94","7,176,231","73,000,000",88600,2025-07-22 09:25:13
"119,419.37","7,183,849","72,500,000",88300,2025-07-22 12:42:21
"119,170.5","7,227,480","72,500,000",88150,2025-07-22 15:22:45
"119,451.54","7,237,637","72,500,000",88200,2025-07-22 18:30:31
"119,667.35","7,237,637","72,500,000",88200,2025-07-22 21:19:21
"119,590.79","7,237,637","72,500,000",88200,2025-07-23 01:43:25
"118,679.73","7,237,637","72,500,000",88200,2025-07-23 04:02:45
"118,624.44","7,237,637","73,200,000",88400,2025-07-23 06:31:28
"118,183.38","7,228,634","72,800,000",88050,2025-07-23 09:27:35
"118,512.46","7,225,633","72,600,000",88150,2025-07-23 12:41:46
"118,037.87","7,180,617","72,600,000",87950,2025-07-23 15:29:24
"118,310.8","7,143,219","72,600,000",88100,2025-07-23 18:31:05
"117,918.35","7,143,219","72,600,000",88100,2025-07-23 21:20:41
"119,038.49","7,143,219","72,600,000",88100,2025-07-24 01:42:42
"118,543.37","7,143,219","72,600,000",88100,2025-07-24 04:00:45
"117,881.46","7,143,219","72,600,000",88100,2025-07-24 06:31:43
"118,691.05","7,104,667","71,800,000",88250,2025-07-24 09:25:21
"118,415.51","7,091,278","71,800,000",88250,2025-07-24 12:42:29
"119,213.68","7,120,134","71,800,000",88250,2025-07-24 15:20:58
"119,338.66","7,125,906","71,800,000",88350,2025-07-24 18:30:17
"118,672.66","7,125,906","71,800,000",88350,2025-07-24 21:20:10
"117,571.23","7,125,906","71,800,000",88350,2025-07-25 01:42:07
"115,414.92","7,125,906","71,800,000",88350,2025-07-25 04:00:08
"115,310.36","7,125,906","71,800,000",88350,2025-07-25 06:32:12
"115,552.01","7,075,349","71,800,000",88350,2025-07-25 09:24:25
"116,204.43","7,055,958","71,800,000",88350,2025-07-25 12:40:31
"115,448.85","7,034,489","71,800,000",88200,2025-07-25 15:21:40
"116,440.94","7,039,106","71,800,000",88200,2025-07-25 18:29:56
"117,389.58","7,039,106","71,800,000",88200,2025-07-25 21:22:32
"117,397.07","7,039,106","71,800,000",88200,2025-07-26 01:39:33
"117,586.43","7,039,106","71,800,000",88200,2025-07-26 03:58:05
"117,395.76","7,039,106","71,800,000",88550,2025-07-26 06:29:19
"117,619.24","7,063,576","72,000,000",88500,2025-07-26 09:19:51
"118,011.06","7,039,567","72,000,000",88200,2025-07-26 12:38:31
"117,928.46","7,013,019","71,800,000",87850,2025-07-26 15:19:42
"118,070.04","7,032,180","71,800,000",88000,2025-07-26 18:27:19
"117,961.87","7,032,180","71,800,000",88050,2025-07-26 21:17:57
"118,181.34","7,032,180","71,800,000",88050,2025-07-27 01:50:13
"118,261.49","7,032,180","71,800,000",88050,2025-07-27 04:05:48
"118,337.85","7,032,180","71,800,000",87950,2025-07-27 06:28:48
"117,972.92","6,995,937","71,200,000",87650,2025-07-27 09:21:34
"117,965.82","7,004,016","71,200,000",87750,2025-07-27 12:39:04
"118,507.09","7,006,556","71,200,000",87750,2025-07-27 15:20:38
"119,216.07","7,027,332","71,200,000",88000,2025-07-27 18:27:36
"118,815.04","7,027,332","71,200,000",87950,2025-07-27 21:19:20
"119,079.65","7,027,332","71,200,000",87950,2025-07-28 01:49:45
"119,390.99","7,027,332","71,200,000",87950,2025-07-28 04:07:30
"119,484.16","7,027,332","71,200,000",88000,2025-07-28 06:32:35
"118,905.94","7,143,681","72,000,000",88900,2025-07-28 09:29:06
"118,961.28","7,120,365","72,500,000",89000,2025-07-28 12:42:53
"118,199.81","7,088,277","72,500,000",89000,2025-07-28 15:22:55
"117,530.33","7,093,356","72,500,000",89100,2025-07-28 18:30:54
"118,142.49","7,093,356","72,500,000",89100,2025-07-28 21:19:34
"118,012.26","7,093,356","72,500,000",89100,2025-07-29 01:54:53
"118,740.99","7,093,356","72,500,000",89100,2025-07-29 04:07:40
"118,920.4","7,145,990","72,700,000",89400,2025-07-29 06:31:19
"118,863.21","7,164,458","72,500,000",89100,2025-07-29 09:26:42
"118,991.4","7,138,372","72,200,000",88900,2025-07-29 12:43:22
"117,639.42","7,172,076","72,200,000",89100,2025-07-29 15:23:54
"117,688.58","7,164,458","72,200,000",88950,2025-07-29 18:31:18
"117,305.89","7,164,458","72,200,000",88950,2025-07-29 21:20:07
"117,850.86","7,164,458","72,200,000",88950,2025-07-30 01:45:29
"118,171.49","7,164,458","72,200,000",88950,2025-07-30 04:04:30
"118,194.78","7,164,458","72,200,000",89100,2025-07-30 06:33:32
"118,218.55","7,183,849","72,200,000",89200,2025-07-30 09:28:33
"117,792.6","7,166,535","72,200,000",89200,2025-07-30 12:43:06
"118,305.42","7,109,746","72,200,000",89400,2025-07-30 15:23:15
"117,743.5","7,139,526","72,200,000",89600,2025-07-30 18:31:54
"117,125.34","7,139,526","72,200,000",89600,2025-07-30 21:21:12
"118,200.52","7,139,526","72,200,000",89600,2025-07-31 01:44:20
"118,448.11","7,139,526","72,200,000",89600,2025-07-31 04:04:46
"118,409.66","7,139,526","73,000,000",90500,2025-07-31 06:32:07
"118,482.39","7,221,709","73,200,000",90400,2025-07-31 09:27:39
"118,395.87","7,239,023","73,200,000",90650,2025-07-31 12:41:45
"118,029.27","7,203,702","73,200,000",90550,2025-07-31 15:23:33
"117,896.87","7,193,083","73,200,000",90500,2025-07-31 18:31:27
"116,571.62","7,193,083","73,200,000",90500,2025-07-31 21:20:41
"115,176.92","7,193,083","73,200,000",90500,2025-08-01 01:53:54
"115,298.24","7,193,083","73,200,000",90500,2025-08-01 04:14:07
"115,224.4","7,188,004","73,200,000",90500,2025-08-01 06:32:14
"115,223.55","7,194,007","73,200,000",90500,2025-08-01 09:26:58
"115,678.73","7,272,496","73,200,000",90500,2025-08-01 12:42:53
"114,741.41","7,314,742","73,200,000",90500,2025-08-01 15:21:44
"114,178.11","7,280,114","73,200,000",90150,2025-08-01 18:30:09
"113,696.02","7,280,114","73,200,000",90150,2025-08-01 21:21:04
"113,555.58","7,280,114","73,200,000",90150,2025-08-02 01:40:20
"113,817.76","7,280,114","73,200,000",90150,2025-08-02 03:57:17
"113,584.11","7,280,114","73,200,000",90250,2025-08-02 06:28:07
"113,781.32","7,339,443","74,000,000",91100,2025-08-02 09:23:24
"113,694.86","7,332,979","74,200,000",91000,2025-08-02 12:38:37
"113,369.29","7,347,522","74,500,000",91200,2025-08-02 15:20:29
"112,509.2","7,369,453","74,500,000",91400,2025-08-02 18:28:31
"112,582.64","7,369,453","74,500,000",91400,2025-08-02 21:18:11
"112,963.37","7,369,453","74,500,000",91400,2025-08-03 01:53:12
"113,478.47","7,369,453","74,500,000",91400,2025-08-03 04:10:04
"113,561.16","7,369,453","75,000,000",91900,2025-08-03 06:29:17
"113,631.49","7,566,831","76,000,000",92650,2025-08-03 09:19:59
"113,842.61","7,547,439","76,000,000",92450,2025-08-03 12:39:39
"113,820.37","7,552,287","76,000,000",92450,2025-08-03 15:21:38
"114,409.1","7,570,986","76,000,000",92750,2025-08-03 18:29:37
"114,482.37","7,570,986","76,000,000",92750,2025-08-03 21:19:03
"114,690.84","7,570,986","76,000,000",92750,2025-08-04 01:52:42
"114,628.4","7,570,986","76,000,000",92750,2025-08-04 04:15:13
"114,232.31","7,504,039","75,500,000",92550,2025-08-04 06:38:04
"114,662.78","7,573,064","75,200,000",93300,2025-08-04 09:31:15
"114,407.07","7,598,227","75,500,000",93550,2025-08-04 12:44:33
"114,855.69","7,655,247","75,500,000",93950,2025-08-04 15:23:47
"115,266.49","7,646,244","75,500,000",93800,2025-08-04 18:31:39
"115,108.96","7,646,244","75,500,000",93800,2025-08-04 21:20:26
"114,867.56","7,646,244","75,500,000",93800,2025-08-05 01:47:44
"114,306.6","7,646,244","75,500,000",93800,2025-08-05 04:09:09
"114,426.01","7,689,644","77,700,000",94450,2025-08-05 06:33:48
"114,470.16","7,635,624","77,500,000",94100,2025-08-05 09:27:11
"114,055.12","7,601,228","76,700,000",93650,2025-08-05 12:44:52
"113,044.86","7,616,695","76,700,000",93350,2025-08-05 15:25:18
"113,373.0","7,617,387","76,700,000",93750,2025-08-05 18:32:39
"113,745.54","7,617,387","76,700,000",93750,2025-08-05 21:21:06
"113,784.43","7,617,387","76,700,000",93750,2025-08-06 01:45:29
"113,533.65","7,617,387","76,700,000",93750,2025-08-06 04:05:32
"113,964.6","7,606,306","77,200,000",93500,2025-08-06 06:33:21
"114,161.61","7,567,293","77,000,000",93350,2025-08-06 09:28:46
"114,165.83","7,537,513","76,800,000",93050,2025-08-06 12:44:47
"114,974.57","7,569,832","76,800,000",93050,2025-08-06 15:23:46
"115,480.43","7,575,603","76,800,000",93250,2025-08-06 18:30:37
"115,239.52","7,575,603","76,800,000",93250,2025-08-06 21:17:32
"115,044.34","7,575,603","76,800,000",93250,2025-08-07 01:46:35
"114,572.84","7,575,603","76,800,000",93250,2025-08-07 04:05:31
"114,596.29","7,639,780","76,800,000",93800,2025-08-07 06:32:10
"114,977.61","7,583,683","76,800,000",93200,2025-08-07 09:27:38
"116,434.28","7,619,003","76,500,000",93400,2025-08-07 12:42:56
"116,594.0","7,607,230","76,500,000",93200,2025-08-07 15:23:12
"116,371.05","7,622,004","76,500,000",93250,2025-08-07 18:31:36
"117,381.77","7,622,004","76,500,000",93250,2025-08-07 21:18:23
"116,926.89","7,622,004","76,500,000",93250,2025-08-08 01:45:09
"116,733.97","7,622,004","76,500,000",93250,2025-08-08 04:06:28
"116,701.7","7,622,004","76,500,000",93250,2025-08-08 06:32:34
"116,555.48","7,640,703","76,500,000",93250,2025-08-08 09:27:51
"116,624.59","7,619,927","76,500,000",93000,2025-08-08 12:42:43
"116,345.33","7,587,607","76,500,000",92800,2025-08-08 15:21:32
"116,796.67","7,561,060","76,500,000",92300,2025-08-08 18:29:03
"116,809.89","7,561,060","76,500,000",92300,2025-08-08 21:18:43
"116,562.12","7,561,060","76,500,000",92300,2025-08-09 01:27:52
"116,399.87","7,561,060","76,500,000",92300,2025-08-09 03:51:22
"116,707.86","7,561,060","76,200,000",92550,2025-08-09 06:28:59
"117,381.59","7,499,884","75,800,000",91850,2025-08-09 09:20:03
"117,145.84","7,465,487","75,200,000",91450,2025-08-09 12:38:06
"117,037.82","7,477,722","75,200,000",91500,2025-08-09 15:18:54
"116,730.96","7,430,398","75,200,000",91000,2025-08-09 18:27:39
"116,718.69","7,430,398","75,200,000",91000,2025-08-09 21:17:55
"116,590.67","7,430,398","75,200,000",91000,2025-08-10 01:49:14
"118,630.66","7,430,398","75,200,000",91000,2025-08-10 04:04:44
"117,893.84","7,430,398","75,200,000",91100,2025-08-10 06:28:35
"118,358.95","7,434,092","74,500,000",91200,2025-08-10 09:20:35
"118,647.42","7,466,872","74,500,000",91650,2025-08-10 12:38:47
"118,773.73","7,474,260","74,500,000",91700,2025-08-10 15:19:05
"118,440.33","7,475,183","74,500,000",91650,2025-08-10 18:26:37
"118,225.84","7,475,183","74,500,000",91650,2025-08-10 21:18:11
"119,751.25","7,475,183","74,500,000",91650,2025-08-11 01:46:14
"121,740.96","7,475,183","74,500,000",91650,2025-08-11 04:04:44
"122,087.78","7,430,167","74,800,000",92100,2025-08-11 06:33:12
"121,314.59","7,548,363","75,200,000",92850,2025-08-11 09:26:39
"119,757.82","7,531,280","75,200,000",92900,2025-08-11 12:43:24
"120,020.64","7,526,201","75,200,000",93000,2025-08-11 15:21:44
"119,621.0","7,514,889","75,200,000",92450,2025-08-11 18:29:48
"119,174.21","7,514,889","75,200,000",92450,2025-08-11 21:19:03
"119,038.72","7,514,889","75,200,000",92450,2025-08-12 01:27:59
"118,807.81","7,514,889","75,200,000",92450,2025-08-12 03:49:52
"118,987.55","7,514,889","75,200,000",92450,2025-08-12 06:30:04
"118,738.17","7,496,421","74,800,000",92500,2025-08-12 09:22:30
"118,763.57","7,468,950","74,800,000",92300,2025-08-12 12:40:00
"119,638.98","7,476,337","75,000,000",92200,2025-08-12 15:49:08
"119,786.08","7,472,413","75,000,000",92200,2025-08-12 18:30:50
"120,025.08","7,472,413","75,000,000",92200,2025-08-12 21:18:45
"119,378.26","7,472,413","75,000,000",92200,2025-08-13 01:28:27
"119,467.21","7,472,413","75,000,000",92200,2025-08-13 03:52:09
"119,160.46","7,472,413","75,000,000",92850,2025-08-13 06:30:50
"120,012.48","7,596,149","75,500,000",93450,2025-08-13 09:23:01
"120,506.76","7,585,991","75,500,000",93400,2025-08-13 12:40:46
"120,578.32","7,588,069","75,500,000",93450,2025-08-13 15:19:12
"121,703.01","7,586,915","75,500,000",93600,2025-08-13 18:27:20
"122,947.06","7,586,915","75,500,000",93600,2025-08-13 21:19:24
"123,614.44","7,586,915","75,500,000",93600,2025-08-14 01:28:35
"123,488.47","7,586,915","75,500,000",93600,2025-08-14 03:52:25
"121,655.43","7,600,535","75,500,000",93600,2025-08-14 06:31:15
"121,886.75","7,600,304","75,500,000",93600,2025-08-14 09:26:11
"119,364.5","7,600,304","75,500,000",93600,2025-08-14 12:42:02
"118,481.6","7,600,304","75,500,000",93600,2025-08-14 15:20:50
"117,803.15","7,498,037","75,500,000",93600,2025-08-14 18:30:05
"118,231.83","7,498,037","75,500,000",93050,2025-08-14 21:19:10
"118,558.25","7,498,037","75,500,000",93050,2025-08-15 01:38:54
"119,053.76","7,498,037","75,500,000",93050,2025-08-15 03:53:02
"119,143.27","7,498,037","75,500,000",93050,2025-08-15 06:29:42
"118,940.59","7,524,585","75,500,000",93050,2025-08-15 09:21:11
"118,950.33","7,513,273","75,500,000",93050,2025-08-15 12:37:57
"117,495.67","7,526,201","75,500,000",93050,2025-08-15 15:19:57
"117,389.22","7,510,272","75,500,000",93050,2025-08-15 18:27:59
"117,220.45","7,510,272","75,500,000",93050,2025-08-15 21:15:56
"117,748.16","7,510,272","75,500,000",93050,2025-08-16 01:25:20
"117,632.11","7,510,272","75,500,000",93050,2025-08-16 03:45:32
"117,578.58","7,510,272","75,500,000",93400,2025-08-16 06:27:04
"117,737.39","7,478,415","75,200,000",92650,2025-08-16 09:20:09
"117,743.61","7,442,402","75,000,000",92350,2025-08-16 12:36:24
"117,791.78","7,442,402","75,000,000",92250,2025-08-16 15:18:15
"117,765.24","7,443,095","75,000,000",92150,2025-08-16 18:25:24
"117,658.9","7,443,095","75,000,000",92250,2025-08-16 21:17:37
"117,524.25","7,443,095","75,000,000",92250,2025-08-17 01:43:23
"117,783.55","7,443,095","75,000,000",92250,2025-08-17 03:55:42
"118,163.25","7,443,095","75,000,000",92250,2025-08-17 06:28:49
"118,381.01","7,522,738","75,500,000",93000,2025-08-17 09:19:38
"118,326.93","7,509,811","75,500,000",92800,2025-08-17 12:37:19
"118,266.85","7,495,267","75,500,000",92650,2025-08-17 15:18:24
"117,887.79","7,503,347","75,500,000",92800,2025-08-17 18:26:59
"117,761.57","7,503,347","75,500,000",92800,2025-08-17 21:18:09
"116,606.1","7,503,347","75,500,000",92800,2025-08-18 01:43:37
"115,362.78","7,503,347","75,500,000",92800,2025-08-18 04:02:56
"115,273.69","7,585,991","76,000,000",93400,2025-08-18 06:33:09
"114,822.0","7,573,756","76,200,000",93250,2025-08-18 09:25:13
"115,297.12","7,566,600","76,200,000",93200,2025-08-18 12:43:32
"115,521.34","7,546,285","76,200,000",93350,2025-08-18 15:21:59
"116,453.31","7,543,284","76,200,000",93200,2025-08-18 18:29:49
"116,599.69","7,543,284","76,200,000",93200,2025-08-18 21:17:48
"116,394.61","7,543,284","76,200,000",93200,2025-08-19 01:26:20
"115,182.39","7,543,284","76,200,000",93200,2025-08-19 03:42:20
"115,160.43","7,543,284","76,500,000",93200,2025-08-19 06:29:25
"115,378.95","7,636,548","76,500,000",93350,2025-08-19 09:20:50
"115,515.16","7,624,774","76,500,000",93350,2025-08-19 12:41:15
"113,833.88","7,591,070","76,500,000",93200,2025-08-19 15:21:22
"113,313.59","7,579,758","76,500,000",93250,2025-08-19 18:25:21
"113,490.77","7,579,758","76,500,000",93250,2025-08-19 21:17:24
"113,213.43","7,579,758","76,500,000",93250,2025-08-20 01:23:18
"113,535.53","7,579,758","76,500,000",93250,2025-08-20 03:41:13
"113,601.65","7,579,758","76,200,000",93250,2025-08-20 06:28:27
"113,822.41","7,706,034","77,000,000",93800,2025-08-20 09:21:50
"113,795.52","7,710,882","77,000,000",93500,2025-08-20 12:38:04
"114,236.75","7,724,733","77,200,000",93600,2025-08-20 15:27:20
"113,429.93","7,767,440","77,200,000",93950,2025-08-20 18:28:06
"114,247.89","7,767,440","77,200,000",93950,2025-08-20 21:18:30
"114,091.78","7,767,440","77,200,000",93950,2025-08-21 01:24:18
"114,182.34","7,767,440","77,200,000",93950,2025-08-21 03:40:10
"113,695.11","7,841,082","78,200,000",93950,2025-08-21 06:37:38
"113,314.36","7,830,924","78,500,000",95250,2025-08-21 09:20:04
"113,211.21","7,905,720","78,500,000",96150,2025-08-21 12:39:46
"112,907.41","7,877,094","78,500,000",95900,2025-08-21 15:20:30
"112,503.68","7,875,248","78,500,000",95950,2025-08-21 18:26:36
"112,501.97","7,875,248","78,500,000",95950,2025-08-21 21:17:35
"112,650.79","7,875,248","78,500,000",95950,2025-08-22 01:23:47
"113,238.67","7,875,248","78,500,000",95950,2025-08-22 03:40:36
"113,205.15","7,875,248","78,500,000",95950,2025-08-22 06:29:26
"112,881.09","7,850,777","78,500,000",95950,2025-08-22 09:20:50
"111,707.8","7,824,230","78,500,000",95700,2025-08-22 12:36:32
"116,901.16","7,840,158","78,500,000",95650,2025-08-22 15:20:13
"116,836.51","7,853,317","78,500,000",94650,2025-08-22 18:27:04
"116,826.12","7,853,317","78,500,000",94650,2025-08-22 21:18:37
"116,647.91","7,853,317","78,500,000",94650,2025-08-23 01:20:24
"115,597.24","7,853,317","78,500,000",94650,2025-08-23 03:35:00
"115,749.97","7,853,317","78,200,000",94650,2025-08-23 06:26:29
"115,586.6","7,735,121","78,000,000",94500,2025-08-23 09:18:32
"115,347.07","7,763,516","78,000,000",94850,2025-08-23 12:35:01
"114,686.71","7,747,125","78,000,000",94650,2025-08-23 15:17:23
"115,033.19","7,760,976","78,000,000",94800,2025-08-23 18:23:42
"115,097.71","7,760,976","78,000,000",94900,2025-08-23 21:15:53
"115,297.27","7,760,976","78,000,000",94900,2025-08-24 01:39:41
"114,930.75","7,760,976","78,000,000",94900,2025-08-24 03:47:26
"114,928.36","7,760,976","78,000,000",94900,2025-08-24 06:28:00
"114,689.44","7,766,748","78,000,000",94900,2025-08-24 09:18:24
"114,669.58","7,779,675","78,000,000",95050,2025-08-24 12:35:55
"114,661.46","7,805,762","78,000,000",95050,2025-08-24 15:17:47
"114,615.96","7,787,755","78,000,000",95050,2025-08-24 18:31:18
"112,664.07","7,787,755","78,000,000",95050,2025-08-24 21:16:09
"113,104.34","7,787,755","78,000,000",95050,2025-08-25 01:27:23
"113,349.21","7,787,755","78,000,000",95050,2025-08-25 03:48:11
"112,242.58","7,787,755","78,200,000",95050,2025-08-25 06:31:19
"111,514.55","7,815,457","78,500,000",95750,2025-08-25 09:23:03
"111,435.58","7,862,089","78,500,000",96200,2025-08-25 12:40:36
"112,281.46","7,877,325","78,500,000",96050,2025-08-25 15:21:15
"112,607.5","7,872,939","78,500,000",96200,2025-08-25 18:28:26
"109,493.62","7,872,939","78,500,000",96200,2025-08-25 21:18:03
"109,713.94","7,872,939","78,500,000",96200,2025-08-26 01:24:49
"109,862.22","7,872,939","78,500,000",96200,2025-08-26 03:42:30
"110,069.02","7,872,939","78,800,000",96200,2025-08-26 06:29:53
"110,370.21","7,913,800","79,200,000",96500,2025-08-26 09:20:43
"110,451.09","7,920,033","79,200,000",96600,2025-08-26 12:43:42
"110,133.99","7,916,339","79,200,000",96400,2025-08-26 15:20:41
"110,170.32","8,044,231","79,200,000",98150,2025-08-26 18:25:59
"111,196.6","8,044,231","79,200,000",98150,2025-08-26 21:17:22
"111,288.4","8,044,231","79,200,000",98150,2025-08-27 01:21:47
"111,080.04","8,044,231","79,200,000",98150,2025-08-27 03:36:11
"111,267.84","8,044,231","81,200,000",98150,2025-08-27 06:27:09
"110,936.77","8,133,801","82,000,000",99000,2025-08-27 09:20:53
"111,144.38","8,171,199","82,000,000",99550,2025-08-27 12:38:43
"111,832.05","8,296,551","83,000,000",100850,2025-08-27 15:47:55
"112,480.93","8,320,097","83,000,000",101100,2025-08-27 18:32:46
"112,085.26","8,320,097","83,000,000",101100,2025-08-27 21:18:03
"111,568.95","8,320,097","83,000,000",101100,2025-08-28 01:21:36
"111,909.95","8,320,097","83,000,000",101100,2025-08-28 03:35:07
"112,970.58","8,320,097","85,000,000",101250,2025-08-28 06:30:38
"113,141.63","8,453,068","86,500,000",102600,2025-08-28 09:20:40
"112,995.73","8,328,408","86,200,000",101100,2025-08-28 12:38:14
"113,073.42","8,390,045","86,200,000",101650,2025-08-28 15:21:04
"112,430.74","8,410,360","86,200,000",101650,2025-08-28 18:26:04
"111,987.74","8,410,360","86,200,000",101650,2025-08-28 21:16:46
"111,772.1","8,410,360","86,200,000",101650,2025-08-29 01:21:57
"111,632.22","8,410,360","86,200,000",101650,2025-08-29 03:34:08
"111,039.52","8,410,360","86,200,000",101650,2025-08-29 06:27:56
"109,653.2","8,392,815","86,200,000",101650,2025-08-29 09:19:36
"110,636.85","8,396,509","86,200,000",101650,2025-08-29 12:37:46
"108,468.5","8,576,342","86,200,000",101650,2025-08-29 15:18:30
"108,210.46","8,620,434","86,200,000",103200,2025-08-29 18:24:06
"107,900.89","8,620,434","86,200,000",103350,2025-08-29 21:17:02
"108,283.35","8,620,434","86,200,000",103350,2025-08-30 01:17:28
"108,200.22","8,620,434","86,200,000",103350,2025-08-30 03:29:48
"108,334.46","8,620,434","88,500,000",102950,2025-08-30 06:23:50
"108,495.01","8,728,934","89,500,000",104550,2025-08-30 09:17:49
"108,465.04","8,719,008","88,800,000",104350,2025-08-30 12:34:15
"108,682.18","8,688,305","88,800,000",104000,2025-08-30 15:18:21
"108,699.62","8,677,455","88,800,000",103750,2025-08-30 18:23:47
"108,630.27","8,677,455","88,800,000",103750,2025-08-30 21:16:08
"109,264.6","8,677,455","88,800,000",103750,2025-08-31 01:26:53
"109,245.96","8,677,455","88,800,000",103750,2025-08-31 03:37:04
"108,675.64","8,677,455","88,500,000",103750,2025-08-31 06:25:36
"109,062.34","8,759,868","88,500,000",104650,2025-08-31 09:17:07
"108,395.63","8,851,285","89,200,000",105700,2025-08-31 12:34:38
"108,498.47","8,915,231","89,500,000",106500,2025-08-31 15:16:58
"109,116.09","8,931,852","89,500,000",106650,2025-08-31 18:24:18
"108,978.24","8,931,852","89,500,000",106600,2025-08-31 21:15:33
"108,234.28","8,931,852","89,500,000",106600,2025-09-01 01:44:31
"107,540.64","8,931,852","89,500,000",106600,2025-09-01 03:52:33
"107,988.87","9,014,959","89,500,000",106600,2025-09-01 06:32:09
"109,716.89","8,985,871","89,500,000",106500,2025-09-01 09:22:16
"108,983.52","8,914,538","89,500,000",105800,2025-09-01 12:38:55
"109,088.44","8,961,401","89,500,000",106100,2025-09-01 15:19:04
"109,090.6","8,957,246","89,500,000",106000,2025-09-01 18:24:43
"108,458.22","8,957,246","89,500,000",106000,2025-09-01 21:16:58
"109,160.73","8,957,246","89,500,000",106000,2025-09-02 01:23:02
"110,302.6","8,957,246","89,500,000",106000,2025-09-02 03:38:25
"110,446.67","8,957,246","90,500,000",106000,2025-09-02 06:28:20
"110,635.16","8,753,174","88,800,000",104750,2025-09-02 09:21:32
"109,388.15","8,658,063","87,500,000",103700,2025-09-02 12:38:16
"111,464.65","8,739,092","87,200,000",103650,2025-09-02 15:19:56
"110,526.15","8,760,561","87,200,000",103400,2025-09-02 18:24:31
"111,490.1","8,760,561","87,200,000",103400,2025-09-02 21:15:13
"111,249.61","8,760,561","87,200,000",103400,2025-09-03 01:17:36
"111,022.88","8,760,561","87,200,000",103400,2025-09-03 03:27:24
"110,821.2","8,760,561","87,500,000",103350,2025-09-03 06:27:26
"111,079.25","8,707,234","86,200,000",103300,2025-09-03 09:19:23
"111,615.05","8,711,851","86,500,000",103200,2025-09-03 12:36:57
"112,101.24","8,708,389","87,000,000",102500,2025-09-03 15:19:34
"112,082.63","8,698,000","87,000,000",102050,2025-09-03 18:36:32
"112,237.05","8,698,000","87,000,000",102050,2025-09-03 21:16:30
"111,734.18","8,698,000","87,000,000",102050,2025-09-04 01:18:12
"111,487.62","8,698,000","87,000,000",102050,2025-09-04 03:29:56
"110,439.09","8,698,000","87,000,000",102050,2025-09-04 06:27:17
"110,865.41","8,609,815","86,000,000",101950,2025-09-04 09:19:59
"110,801.24","8,566,184","85,500,000",101450,2025-09-04 12:36:24
"109,523.71","8,547,486","85,500,000",101250,2025-09-04 15:18:50
"110,014.84","8,527,171","85,500,000",100950,2025-09-04 18:25:23
"110,378.17","8,527,171","85,500,000",100950,2025-09-04 21:17:51
"110,596.48","8,527,171","85,500,000",100950,2025-09-05 01:20:25
"111,146.89","8,527,171","85,500,000",100950,2025-09-05 03:30:30
"111,544.04","8,527,171","85,500,000",100950,2025-09-05 06:28:50
"112,488.41","8,544,946","85,500,000",100950,2025-09-05 09:19:50
"112,682.94","8,588,115","85,500,000",100750,2025-09-05 12:37:50
"110,714.24","8,598,273","85,500,000",100650,2025-09-05 15:18:50
"110,938.71","8,669,606","85,500,000",101100,2025-09-05 18:24:45
"111,293.35","8,669,606","85,500,000",101250,2025-09-05 21:16:53
"110,844.16","8,669,606","85,500,000",101250,2025-09-06 01:18:33
"111,177.03","8,669,606","85,500,000",101250,2025-09-06 03:26:46
"110,732.93","8,669,606","86,800,000",101250,2025-09-06 06:25:29
"110,760.82","8,688,535","86,200,000",101600,2025-09-06 09:17:43
"110,821.8","8,685,073","86,200,000",101550,2025-09-06 12:32:55
"110,735.65","8,785,031","86,200,000",102600,2025-09-06 15:20:12
"110,244.6","8,724,317","86,200,000",101850,2025-09-06 18:23:12
"110,198.65","8,724,317","86,200,000",101850,2025-09-06 21:15:57
"110,468.56","8,724,317","86,200,000",101850,2025-09-07 01:25:14
"110,705.71","8,724,317","86,200,000",101850,2025-09-07 03:35:36
"110,588.52","8,724,317","86,200,000",101850,2025-09-07 06:25:23
"111,135.33","8,824,968","87,200,000",102600,2025-09-07 10:35:28
"111,138.69","8,825,892","87,600,000",102600,2025-09-07 12:33:41
"111,150.66","8,808,578","87,600,000",102400,2025-09-07 15:16:35
"110,987.31","8,824,968","87,600,000",102650,2025-09-07 18:23:44
"111,247.5","8,824,968","87,600,000",102650,2025-09-07 21:15:24
"110,826.03","8,824,968","87,600,000",102650,2025-09-08 01:24:18
"111,314.78","8,824,968","87,600,000",102650,2025-09-08 03:40:23
"111,151.8","8,824,968","87,500,000",102650,2025-09-08 06:29:47
"111,968.94","8,960,940","87,500,000",102200,2025-09-08 09:23:10
"112,114.07","8,896,532","87,500,000",101400,2025-09-08 12:39:40
"112,670.98","8,932,776","87,500,000",101150,2025-09-08 15:19:19
"112,381.83","8,871,831","87,500,000",100550,2025-09-08 18:27:20
"112,061.19","8,871,831","87,500,000",100650,2025-09-08 21:16:58
"111,470.36","8,871,831","87,500,000",100650,2025-09-09 01:21:51
"111,521.49","8,871,831","87,500,000",100650,2025-09-09 03:35:23
"112,823.99","8,896,301","87,200,000",100550,2025-09-09 06:41:16
"112,984.98","8,764,024","87,200,000",100250,2025-09-09 09:20:44
"112,751.91","8,768,179","87,500,000",100250,2025-09-09 12:41:12
"111,408.35","8,795,650","87,700,000",100950,2025-09-09 15:21:07
"111,221.62","8,839,974","87,700,000",101200,2025-09-09 18:24:24
"111,702.24","8,839,974","87,700,000",100000,2025-09-09 21:15:41
"111,149.37","8,839,974","87,700,000",100000,2025-09-10 01:19:49
"111,521.94","8,839,974","87,700,000",100000,2025-09-10 03:27:58
"111,585.67","8,839,974","87,700,000",99550,2025-09-10 06:27:07
"112,160.0","8,628,745","87,700,000",98850,2025-09-10 09:19:23
"113,425.0","8,688,997","87,700,000",99250,2025-09-10 12:38:03
"114,041.63","8,701,232","87,700,000",99500,2025-09-10 15:18:50
"113,615.12","8,698,924","87,700,000",99500,2025-09-10 18:26:01
"113,782.5","8,698,924","87,700,000",99450,2025-09-10 21:17:35
"114,075.05","8,698,924","87,700,000",99450,2025-09-11 01:20:20
"114,161.91","8,698,924","87,700,000",99450,2025-09-11 03:32:08
"114,285.02","8,698,924","86,500,000",99450,2025-09-11 06:29:15
"113,966.25","8,622,512","86,500,000",99400,2025-09-11 09:20:30
"113,779.37","8,679,532","86,500,000",99450,2025-09-11 12:36:32
"114,610.9","8,658,987","86,500,000",99300,2025-09-11 15:19:00
"114,191.99","8,665,450","86,500,000",99450,2025-09-11 18:24:08
"114,498.64","8,665,450","86,500,000",99450,2025-09-11 21:16:49
"115,926.99","8,665,450","86,500,000",99450,2025-09-12 01:19:12
"115,231.23","8,665,450","86,500,000",99450,2025-09-12 03:28:18
"115,495.22","8,665,450","86,500,000",99450,2025-09-12 06:27:58
"115,131.03","8,704,464","86,500,000",99450,2025-09-12 09:20:10
"114,993.08","8,685,996","86,500,000",99450,2025-09-12 12:37:07
"115,078.72","8,681,148","86,500,000",99300,2025-09-12 15:18:05
"116,205.48","8,641,904","86,500,000",98750,2025-09-12 18:24:07
"116,128.26","8,641,904","86,500,000",98550,2025-09-12 21:16:31
"116,269.07","8,641,904","86,500,000",98550,2025-09-13 01:14:16
"115,971.54","8,641,904","86,500,000",98550,2025-09-13 03:20:49
"115,753.14","8,641,904","86,500,000",98550,2025-09-13 06:24:41
"115,975.55","8,539,637","85,500,000",97750,2025-09-13 09:17:41
"115,991.76","8,503,393","85,200,000",97300,2025-09-13 12:34:03
"115,921.92","8,530,633","85,200,000",97650,2025-09-13 15:15:44
"115,599.42","8,534,327","85,000,000",97700,2025-09-13 18:23:19
"115,948.44","8,534,327","85,000,000",97400,2025-09-13 21:16:10
"115,845.34","8,534,327","85,000,000",97400,2025-09-14 01:24:11
"115,767.28","8,534,327","85,000,000",97400,2025-09-14 03:32:56
"115,851.3","8,534,327","85,000,000",97400,2025-09-14 06:25:50
"116,001.38","8,559,028","85,000,000",98150,2025-09-14 09:18:46
"115,871.21","8,531,095","85,000,000",98400,2025-09-14 12:34:18
"115,392.25","8,466,919","85,000,000",97650,2025-09-14 15:16:21
"115,503.2","8,456,299","85,000,000",97550,2025-09-14 18:21:57
"115,727.42","8,456,299","85,000,000",97400,2025-09-14 21:15:12
"114,907.67","8,456,299","85,000,000",97400,2025-09-15 01:24:21
"115,446.18","8,456,299","85,000,000",97400,2025-09-15 03:39:51
"116,480.93","8,456,299","85,000,000",97950,2025-09-15 06:29:35
"114,850.15","8,605,891","85,500,000",98750,2025-09-15 09:21:20
"114,876.35","8,652,754","86,000,000",99300,2025-09-15 12:37:43
"114,484.66","8,666,143","86,000,000",99050,2025-09-15 15:20:01
"115,017.54","8,678,378","86,000,000",98800,2025-09-15 18:27:46
"115,380.46","8,678,378","86,000,000",98800,2025-09-15 21:17:39
"115,282.57","8,678,378","86,000,000",98800,2025-09-16 01:18:54
"115,213.49","8,678,378","86,000,000",98800,2025-09-16 03:30:31
"115,908.26","8,678,378","87,200,000",99950,2025-09-16 06:28:45
"115,678.68","8,871,831","87,500,000",99650,2025-09-16 09:22:00
"115,433.15","8,846,437","87,700,000",99450,2025-09-16 12:37:24
"115,053.51","8,834,433","87,700,000",99500,2025-09-16 15:20:33
"116,718.09","8,856,133","87,700,000",99700,2025-09-16 18:26:58
"116,746.55","8,856,133","87,700,000",99250,2025-09-16 21:18:35
"116,613.39","8,856,133","87,700,000",99250,2025-09-17 01:20:07
"116,608.43","8,856,133","87,700,000",99250,2025-09-17 03:29:37
"117,127.21","8,856,133","87,700,000",99200,2025-09-17 06:28:50
"116,732.52","8,885,682","88,000,000",99550,2025-09-17 09:21:31
"116,467.0","8,875,756","88,000,000",99400,2025-09-17 12:38:55
"115,801.57","8,893,069","88,000,000",99400,2025-09-17 15:19:08
"115,755.46","8,891,915","88,000,000",99150,2025-09-17 18:25:34
"115,828.0","8,891,915","88,000,000",99000,2025-09-17 21:17:42
"116,602.44","8,891,915","88,000,000",99000,2025-09-18 01:19:28
"117,830.84","8,891,915","88,000,000",99000,2025-09-18 03:32:54
"117,062.94","8,891,915","87,800,000",98950,2025-09-18 06:28:05
"117,294.89","8,786,647","87,200,000",99100,2025-09-18 09:21:27
"117,113.29","8,773,950","87,200,000",99350,2025-09-18 12:36:48
"117,441.16","8,697,539","87,200,000",99050,2025-09-18 15:21:02
"117,837.18","8,818,735","87,200,000",100700,2025-09-18 18:27:26
"117,420.09","8,818,735","87,200,000",100600,2025-09-18 21:17:59
"117,332.24","8,818,735","87,200,000",100600,2025-09-19 01:20:29
"117,096.85","8,818,735","87,200,000",100600,2025-09-19 03:34:33
"116,839.75","8,818,735","87,200,000",100450,2025-09-19 06:28:53
"116,983.45","9,024,193","87,200,000",102750,2025-09-19 09:20:17
"116,275.71","8,966,480","87,200,000",101950,2025-09-19 12:37:57
"115,593.5","9,076,134","87,200,000",102450,2025-09-19 15:18:47
"115,484.48","9,020,499","87,200,000",101900,2025-09-19 18:25:24
"115,451.0","9,020,499","87,200,000",101850,2025-09-19 21:17:26
"115,687.62","9,020,499","87,200,000",101850,2025-09-20 01:17:25
"115,604.01","9,020,499","87,200,000",101850,2025-09-20 03:28:51
"115,735.43","9,020,499","91,200,000",101900,2025-09-20 06:25:44
"115,827.92","9,316,912","92,500,000",103700,2025-09-20 09:17:28
"115,893.71","9,283,669","92,500,000",103550,2025-09-20 12:35:20
"116,130.16","9,301,445","92,500,000",103750,2025-09-20 15:17:27
"115,810.12","9,292,441","92,500,000",103650,2025-09-20 18:23:00
"115,868.17","9,292,441","92,500,000",103600,2025-09-20 21:16:17
"115,635.51","9,292,441","92,500,000",103600,2025-09-21 01:28:25
"115,697.98","9,292,441","92,500,000",103600,2025-09-21 03:39:00
"115,858.51","9,292,441","93,200,000",104900,2025-09-21 06:27:13
"115,625.45","9,562,537","95,500,000",106350,2025-09-21 09:17:57
"115,780.23","9,526,524","95,000,000",106050,2025-09-21 12:34:32
"115,614.61","9,524,216","95,000,000",105750,2025-09-21 15:17:53
"115,607.64","9,532,988","95,000,000",105450,2025-09-21 18:23:49
"115,390.55","9,532,988","95,000,000",105600,2025-09-21 21:16:47
"114,621.98","9,532,988","95,000,000",105600,2025-09-22 01:27:10
"114,465.36","9,532,988","95,000,000",105600,2025-09-22 03:39:11
"112,771.19","9,532,988","95,500,000",105600,2025-09-22 06:29:34
"112,532.18","9,489,819","95,000,000",104200,2025-09-22 09:22:14
"112,661.85","9,460,039","94,200,000",104150,2025-09-22 12:39:48
"112,803.29","9,402,557","94,200,000",103450,2025-09-22 15:22:53
"112,773.31","9,440,417","94,200,000",103300,2025-09-22 18:26:16
"112,768.37","9,440,417","94,200,000",103300,2025-09-22 21:16:11
"112,423.01","9,440,417","94,200,000",103300,2025-09-23 01:19:01
"112,474.5","9,440,417","94,200,000",103300,2025-09-23 03:30:20
"112,950.85","9,440,417","94,200,000",103300,2025-09-23 06:28:14
"113,227.88","9,457,962","94,000,000",102650,2025-09-23 09:20:13
"112,966.25","9,490,050","95,200,000",103450,2025-09-23 12:37:09
"112,968.17","9,517,983","95,500,000",103800,2025-09-23 15:20:46
"112,051.92","9,646,798","95,500,000",105350,2025-09-23 18:29:13
"111,999.77","9,646,798","95,500,000",106300,2025-09-23 21:17:47
"112,363.9","9,646,798","95,500,000",106300,2025-09-24 01:19:58
"111,910.96","9,646,798","95,500,000",106300,2025-09-24 03:31:51
"112,615.64","9,646,798","98,500,000",106250,2025-09-24 06:28:43
"112,583.71","10,045,477","99,200,000",107900,2025-09-24 09:21:38
"113,063.33","9,990,073","99,200,000",107700,2025-09-24 12:38:07
"113,596.41","9,968,835","99,200,000",107750,2025-09-24 15:19:36
"113,641.05","9,966,295","99,200,000",108250,2025-09-24 18:25:10
"113,618.02","9,966,295","99,200,000",107850,2025-09-24 21:16:24
"113,274.25","9,966,295","99,200,000",107850,2025-09-25 01:20:51
"112,452.1","9,966,295","99,200,000",107850,2025-09-25 03:35:39
"111,732.68","9,966,295","99,000,000",107850,2025-09-25 06:31:56
"111,950.23","10,030,010","99,000,000",108500,2025-09-25 09:19:44
"111,348.19","10,039,244","99,500,000",109550,2025-09-25 12:40:42
"111,309.64","9,958,908","99,500,000",108750,2025-09-25 15:20:02
"109,631.3","9,941,363","99,500,000",108400,2025-09-25 18:27:12
"109,480.77","9,941,363","99,500,000",108400,2025-09-25 21:16:06
"109,755.0","9,941,363","99,500,000",108400,2025-09-26 01:19:49
"109,408.58","9,941,363","99,500,000",108400,2025-09-26 03:32:31
"109,611.6","9,941,363","99,500,000",108400,2025-09-26 06:28:57
"109,713.37","9,963,756","99,500,000",108400,2025-09-26 09:20:27
"109,413.33","10,000,692","99,500,000",108550,2025-09-26 12:37:36
"109,211.71","10,053,326","99,500,000",108650,2025-09-26 15:22:57
"110,278.04","10,103,421","99,500,000",109050,2025-09-26 18:25:19
"109,499.01","10,103,421","99,500,000",112000,2025-09-26 21:17:15
"109,596.39","10,103,421","99,500,000",112000,2025-09-27 01:16:34
"109,555.83","10,103,421","99,500,000",112000,2025-09-27 03:27:09
"109,611.26","10,103,421","102,500,000",112000,2025-09-27 06:26:02
"109,240.87","10,175,215","102,500,000",111200,2025-09-27 09:18:15
"109,313.64","10,252,320","104,200,000",112000,2025-09-27 12:34:28
"109,299.41","10,284,177","104,200,000",112300,2025-09-27 15:17:23
"109,450.04","10,361,050","104,200,000",113400,2025-09-27 18:23:22
"109,451.26","10,361,050","104,200,000",113300,2025-09-27 21:15:03
"109,531.81","10,361,050","104,200,000",113300,2025-09-28 01:29:03
"109,480.37","10,361,050","104,200,000",113300,2025-09-28 03:38:12
"109,408.63","10,361,050","105,200,000",113100,2025-09-28 06:25:48
"109,398.36","10,216,076","103,500,000",111600,2025-09-28 09:18:41
"109,454.12","10,102,728","101,200,000",110250,2025-09-28 12:34:56
"109,768.66","10,093,725","100,500,000",110200,2025-09-28 15:15:22
"110,189.68","10,209,843","100,500,000",111100,2025-09-28 18:23:49
"110,903.3","10,209,843","100,500,000",110850,2025-09-28 21:15:25
"112,260.46","10,209,843","100,500,000",110850,2025-09-29 01:21:46
"111,750.72","10,209,843","100,500,000",110850,2025-09-29 03:37:01
"111,829.6","10,209,843","101,500,000",110850,2025-09-29 06:31:16
"112,083.25","10,235,698","102,500,000",110950,2025-09-29 09:21:24
"112,253.27","10,354,356","103,500,000",112150,2025-09-29 12:40:05
"114,031.02","10,449,928","105,000,000",112900,2025-09-29 15:20:56
"113,967.02","10,451,775","105,000,000",112750,2025-09-29 18:27:22
"114,247.93","10,451,775","105,000,000",112800,2025-09-29 21:17:38
"114,655.99","10,451,775","105,000,000",112800,2025-09-30 01:20:57
"114,396.77","10,451,775","105,000,000",112800,2025-09-30 03:31:29
"113,948.36","10,451,775","106,200,000",112800,2025-09-30 06:29:55
"113,327.64","10,432,845","105,200,000",113150,2025-09-30 09:21:26
"113,218.81","10,551,964","105,200,000",113750,2025-09-30 12:39:33
"113,240.0","10,636,686","106,200,000",114150,2025-09-30 15:20:13
"113,468.23","10,625,836","106,200,000",113800,2025-09-30 18:25:32
"114,510.33","10,625,836","106,200,000",113800,2025-09-30 21:17:27
"114,323.92","10,625,836","106,200,000",113800,2025-10-01 01:28:28
"114,432.12","10,625,836","106,200,000",113800,2025-10-01 03:42:12
"114,400.2","10,625,836","106,200,000",113800,2025-10-01 06:30:00
"116,306.62","10,825,292","108,500,000",115050,2025-10-01 09:21:24
"116,531.13","10,899,395","109,200,000",116300,2025-10-01 12:40:37
"117,271.56","10,811,671","108,800,000",115800,2025-10-01 15:18:51
"117,034.12","10,922,941","108,800,000",117000,2025-10-01 18:27:47
"117,607.48","10,922,941","108,800,000",117000,2025-10-01 21:16:23
"118,652.64","10,922,941","108,800,000",117000,2025-10-02 01:19:44
"119,039.12","10,922,941","108,800,000",117000,2025-10-02 03:30:46
"118,507.57","10,922,941","108,800,000",116300,2025-10-02 06:29:01
"118,682.13","11,118,472","110,000,000",117900,2025-10-02 09:21:10
"119,205.92","11,147,790","110,000,000",118500,2025-10-02 12:37:32
"119,245.49","10,843,990","110,000,000",116600,2025-10-02 15:20:21
"120,274.74","10,974,421","110,000,000",116800,2025-10-02 18:27:36
"120,815.52","10,974,421","110,000,000",116900,2025-10-02 21:17:02
"120,245.04","10,974,421","110,000,000",116900,2025-10-03 01:20:20
"120,296.32","10,974,421","110,000,000",116900,2025-10-03 03:30:44
"120,099.21","11,006,048","110,000,000",116900,2025-10-03 06:33:23
"120,139.98","11,005,586","110,000,000",116900,2025-10-03 09:19:06
"120,221.03","10,959,647","110,000,000",116200,2025-10-03 12:37:56
"121,025.71","11,067,685","110,000,000",117000,2025-10-03 15:19:38
"122,546.08","11,057,528","110,000,000",116600,2025-10-03 18:25:39
"122,522.27","11,057,528","110,000,000",116700,2025-10-03 21:16:40
"122,157.09","11,057,528","110,000,000",116700,2025-10-04 01:17:13
"122,055.49","11,057,528","110,000,000",116700,2025-10-04 03:24:07
"122,665.2","11,057,528","109,500,000",116900,2025-10-04 06:25:23
"122,507.92","10,948,335","109,000,000",115400,2025-10-04 09:18:05
"122,127.07","10,896,855","108,500,000",114750,2025-10-04 12:34:48
"121,952.54","10,943,718","109,000,000",115150,2025-10-04 15:18:06
"121,780.18","10,896,855","109,000,000",114750,2025-10-04 18:24:45
"122,137.85","10,896,855","109,000,000",114900,2025-10-04 21:16:13
"122,257.72","10,896,855","109,000,000",114900,2025-10-05 01:28:14
"124,027.31","10,896,855","109,000,000",114900,2025-10-05 03:36:12
"125,000.38","10,896,855","108,500,000",114900,2025-10-05 06:31:06
"124,428.02","10,900,549","108,200,000",114900,2025-10-05 09:17:02
"123,210.02","10,792,972","107,500,000",114600,2025-10-05 12:34:18
"122,973.6","10,667,389","106,700,000",114100,2025-10-05 15:17:28
"123,036.83","10,573,664","106,700,000",112800,2025-10-05 18:25:03
"122,707.22","10,573,664","106,700,000",112700,2025-10-05 21:22:41
"123,884.69","10,573,664","106,700,000",112700,2025-10-06 01:26:34
"124,003.76","10,573,664","106,700,000",112700,2025-10-06 03:34:43
"123,805.01","10,573,664","106,500,000",113400,2025-10-06 06:30:04
"123,973.64","10,565,123","106,000,000",112200,2025-10-06 09:24:22
"124,382.98","10,538,113","105,500,000",111900,2025-10-06 12:40:17
"125,004.03","10,562,121","105,800,000",111500,2025-10-06 15:19:18
"125,479.04","10,495,867","105,800,000",110700,2025-10-06 18:38:25
"124,901.71","10,495,867","105,800,000",110800,2025-10-06 21:22:35
"124,811.39","10,495,867","105,800,000",110800,2025-10-07 01:20:35
"124,232.17","10,495,867","105,800,000",110800,2025-10-07 03:31:59
"124,073.1","10,495,867","105,200,000",110800,2025-10-07 06:27:56
"124,186.11","10,866,152","106,200,000",112650,2025-10-07 09:20:01
"124,595.2","10,920,864","107,500,000",113700,2025-10-07 12:40:06
"122,268.82","11,016,667","108,200,000",114500,2025-10-07 15:22:24
"120,781.12","10,928,251","108,200,000",113900,2025-10-07 18:29:39
"122,206.67","10,928,251","108,200,000",114150,2025-10-07 21:22:45
"121,920.95","10,928,251","108,200,000",114150,2025-10-08 01:20:54
"121,519.47","10,928,251","108,200,000",114150,2025-10-08 03:33:01
"121,501.63","10,928,251","110,200,000",114150,2025-10-08 06:29:00
"122,501.8","11,367,329","112,500,000",116500,2025-10-08 09:21:00
"122,692.76","11,341,012","112,500,000",116100,2025-10-08 12:39:20
"122,421.52","11,326,700","112,500,000",115700,2025-10-08 15:21:33
"123,747.31","11,332,009","112,500,000",115250,2025-10-08 18:29:05
"123,197.54","11,332,009","112,500,000",115250,2025-10-08 21:18:42
"122,649.22","11,332,009","112,500,000",115250,2025-10-09 01:21:27
"122,022.88","11,332,009","112,500,000",115250,2025-10-09 03:33:54
"122,179.4","11,163,719","111,200,000",114250,2025-10-09 06:34:11
"121,587.94","11,103,005","109,500,000",113300,2025-10-09 09:21:09
"123,503.13","11,080,613","109,200,000",113100,2025-10-09 12:40:34
"121,091.85","11,043,446","111,000,000",113400,2025-10-09 15:31:37
"120,737.56","10,750,034","111,000,000",112350,2025-10-09 18:27:03
"121,533.28","10,750,034","111,000,000",112500,2025-10-09 21:42:12
"121,858.58","10,750,034","111,000,000",112500,2025-10-10 01:20:00
"121,557.28","10,750,034","111,000,000",112500,2025-10-10 03:34:29
"121,627.48","10,750,034","111,000,000",112500,2025-10-10 06:28:22
"121,543.71","10,866,614","111,000,000",112500,2025-10-10 09:21:45
"121,503.81","10,898,933","111,000,000",112900,2025-10-10 12:39:23
"119,996.5","10,991,735","111,000,000",112950,2025-10-10 15:20:11
"117,788.3","10,902,857","111,000,000",112800,2025-10-10 18:27:34
"110,870.62","10,902,857","111,000,000",113000,2025-10-10 21:17:23
"111,998.83","10,902,857","111,000,000",113000,2025-10-11 01:18:22
"112,239.8","10,902,857","111,000,000",113000,2025-10-11 03:26:55
"112,750.81","10,902,857","109,500,000",113200,2025-10-11 06:26:05
"111,622.01","11,075,534","109,500,000",113800,2025-10-11 09:18:22
"112,552.47","10,998,199","109,000,000",112850,2025-10-11 12:33:11
"112,387.79","10,940,024","109,000,000",112600,2025-10-11 15:17:29
"112,057.53","10,925,481","109,000,000",112250,2025-10-11 18:22:34
"110,111.87","10,925,481","109,000,000",112300,2025-10-11 21:17:08
"109,934.79","10,925,481","109,000,000",112300,2025-10-12 01:23:02
"111,058.43","10,925,481","109,000,000",112300,2025-10-12 03:34:57
"111,879.09","10,925,481","108,500,000",112350,2025-10-12 06:26:11
"111,290.44","10,625,836","107,000,000",110600,2025-10-12 09:17:07
"111,956.48","10,805,669","107,000,000",112200,2025-10-12 12:35:25
"113,168.77","10,854,148","107,200,000",112700,2025-10-12 15:16:39
"114,012.96","10,800,821","107,200,000",112100,2025-10-12 18:24:06
"115,572.07","10,800,821","107,200,000",112100,2025-10-12 21:15:31
"115,723.34","10,800,821","107,200,000",112100,2025-10-13 01:25:32
"114,979.69","10,800,821","107,200,000",112100,2025-10-13 03:44:01
"115,055.99","10,800,821","107,700,000",113000,2025-10-13 06:29:38
"115,059.23","10,953,875","108,200,000",111500,2025-10-13 09:23:58
"114,591.9","10,938,408","108,000,000",111200,2025-10-13 12:40:27
"114,592.13","11,040,214","108,000,000",111700,2025-10-13 15:21:05
"115,382.56","10,895,470","108,000,000",110450,2025-10-13 18:28:22
"115,689.06","10,895,470","108,000,000",110100,2025-10-13 21:16:25
"114,729.04","10,895,470","108,000,000",110100,2025-10-14 01:19:54
"113,494.54","10,895,470","108,000,000",110100,2025-10-14 03:34:25
"112,445.8","10,895,470","108,000,000",110100,2025-10-14 06:28:08
"111,870.85","10,929,174","107,500,000",109750,2025-10-14 09:23:08
"111,084.14","10,895,009","107,500,000",110200,2025-10-14 12:42:07
"111,261.82","10,824,830","107,500,000",108800,2025-10-14 15:21:06
"113,307.34","10,801,976","107,500,000",108300,2025-10-14 18:35:33
"112,800.19","10,801,976","107,500,000",108300,2025-10-14 21:18:02
"112,868.97","10,801,976","107,500,000",108300,2025-10-15 01:22:21
"112,205.95","10,801,976","107,500,000",108300,2025-10-15 03:38:32
"112,022.29","10,801,976","107,200,000",108500,2025-10-15 06:29:53
"112,707.73","11,116,395","109,200,000",110300,2025-10-15 09:20:47
"111,664.6","11,069,993","109,200,000",110000,2025-10-15 12:45:39
"110,851.72","11,075,534","109,200,000",109700,2025-10-15 15:20:08
"111,366.86","11,118,703","109,200,000",110100,2025-10-15 18:28:30
"110,740.57","11,118,703","109,200,000",110200,2025-10-15 21:18:19
"110,807.14","11,118,703","109,200,000",110200,2025-10-16 01:23:07
"111,546.58","11,118,703","109,200,000",110200,2025-10-16 03:38:25
"111,463.65","11,199,039","109,500,000",110300,2025-10-16 06:38:26
"110,873.99","11,294,381","110,200,000",111000,2025-10-16 09:20:59
"111,537.5","11,302,922","110,200,000",110600,2025-10-16 12:39:47
"110,513.08","11,360,635","110,200,000",110600,2025-10-16 15:20:27
"107,824.42","11,382,104","110,200,000",110300,2025-10-16 18:28:38
"107,956.44","11,382,104","110,200,000",110100,2025-10-16 21:16:35
"108,908.05","11,382,104","110,200,000",110100,2025-10-17 01:22:21
"109,101.93","11,382,104","110,200,000",110100,2025-10-17 03:34:29
"107,938.0","11,382,104","110,200,000",110200,2025-10-17 06:28:57
"105,262.66","11,497,760","110,200,000",110200,2025-10-17 09:21:57
"105,689.75","11,424,811","110,200,000",110200,2025-10-17 12:38:19
"106,027.07","11,167,643","110,200,000",109500,2025-10-17 15:19:09
"106,850.51","11,069,070","110,200,000",109000,2025-10-17 18:24:19
"107,452.38","11,069,070","110,200,000",109000,2025-10-17 21:16:10
"107,001.06","11,069,070","110,200,000",109000,2025-10-18 01:18:01
"106,966.42","11,069,070","110,200,000",109000,2025-10-18 03:28:51
"106,884.94","11,069,070","109,500,000",108700,2025-10-18 06:26:41
"106,835.31","11,069,070","107,800,000",107300,2025-10-18 09:19:26
"107,143.21","10,879,772","107,200,000",107050,2025-10-18 12:35:33
"107,098.41","10,828,293","107,000,000",106550,2025-10-18 15:16:40
"106,788.83","10,905,397","107,000,000",107400,2025-10-18 18:23:16
"106,952.21","10,905,397","107,000,000",107400,2025-10-18 21:16:34
"106,989.75","10,905,397","107,000,000",107400,2025-10-19 01:37:42
"107,279.36","10,905,397","107,000,000",107400,2025-10-19 03:46:04
"106,827.13","10,905,397","107,000,000",107400,2025-10-19 06:27:59
"106,399.43","11,184,726","109,500,000",109050,2025-10-19 09:18:19
"107,609.9","11,169,490","109,500,000",108900,2025-10-19 12:36:00
"108,546.42","11,118,472","109,500,000",108500,2025-10-19 15:16:44
"109,355.05","11,118,472","109,500,000",108600,2025-10-19 18:25:25
"108,798.12","11,118,472","109,500,000",108500,2025-10-19 21:15:52
"108,033.04","11,118,472","109,500,000",108500,2025-10-20 01:28:19
"109,220.73","11,118,472","109,500,000",108500,2025-10-20 03:49:27
"111,072.81","11,118,472","109,200,000",108500,2025-10-20 06:30:54
"110,890.12","10,850,685","107,500,000",106850,2025-10-20 09:23:20
"111,150.54","11,020,130","107,500,000",106950,2025-10-20 12:39:12
"111,262.59","11,091,463","107,800,000",106600,2025-10-20 15:21:17
"110,476.81","10,981,116","107,800,000",106300,2025-10-20 18:28:34
"110,915.59","10,981,116","107,800,000",106400,2025-10-20 21:26:06
"110,299.91","10,981,116","107,800,000",106400,2025-10-21 01:24:53
"109,571.03","10,981,116","107,800,000",106400,2025-10-21 03:38:37
"108,012.46","10,981,116","108,000,000",106350,2025-10-21 06:30:18
"107,733.81","11,060,759","108,200,000",108150,2025-10-21 09:21:44
"109,124.89","10,952,490","108,200,000",108000,2025-10-21 12:39:48
"112,328.7","10,756,729","108,000,000",108000,2025-10-21 15:19:59
"112,119.03","10,637,148","108,000,000",107350,2025-10-21 18:27:58
"110,920.93","10,637,148","108,000,000",107350,2025-10-21 21:19:42
"108,284.01","10,637,148","108,000,000",107350,2025-10-22 01:25:11
"108,077.95","10,637,148","108,000,000",107350,2025-10-22 03:45:33
"108,316.18","10,720,947","107,200,000",107350,2025-10-22 06:36:55
"107,935.84","10,776,582","106,800,000",107500,2025-10-22 09:21:45
"108,225.62","10,770,580","106,500,000",107550,2025-10-22 12:42:17
"108,252.13","10,796,435","106,500,000",108050,2025-10-22 15:21:03
"107,961.63","10,910,476","106,500,000",107800,2025-10-22 18:30:47
"107,092.65","10,910,476","106,500,000",107800,2025-10-22 21:16:34
"108,426.78","10,910,476","106,500,000",107800,2025-10-23 01:23:59
"108,703.33","10,910,476","106,500,000",107800,2025-10-23 03:37:33
"110,038.34","10,910,476","107,200,000",107900,2025-10-23 06:28:35
"109,269.26","11,024,054","107,500,000",109400,2025-10-23 09:20:56
"108,932.74","10,947,643","107,500,000",108700,2025-10-23 12:40:30
"109,646.38","10,990,812","107,500,000",108500,2025-10-23 15:20:25
"110,618.17","10,973,036","107,500,000",108600,2025-10-23 18:27:40
"109,697.56","10,973,036","107,500,000",108550,2025-10-23 21:18:04
"110,479.01","10,973,036","107,500,000",108550,2025-10-24 01:19:27
"110,467.97","10,973,036","107,500,000",108550,2025-10-24 03:33:29
"111,279.34","10,973,036","107,500,000",108500,2025-10-24 06:28:51
"111,355.17","10,800,129","107,500,000",108500,2025-10-24 09:22:40
"111,622.55","10,816,981","107,500,000",108500,2025-10-24 12:39:43
"110,408.76","10,917,401","107,500,000",108500,2025-10-24 15:20:07
"110,605.34","10,796,666","107,500,000",107550,2025-10-24 18:26:12
"110,690.19","10,796,666","107,500,000",107500,2025-10-24 21:16:47
"110,871.39","10,796,666","107,500,000",107500,2025-10-25 01:22:11
"111,121.87","10,796,666","107,500,000",107500,2025-10-25 03:35:07
"111,363.5","10,796,666","106,500,000",107450,2025-10-25 06:26:14
"111,720.18","10,728,334","106,000,000",107200,2025-10-25 09:19:21
"111,676.9","10,772,888","106,000,000",107700,2025-10-25 12:35:50
"111,449.34","10,762,962","106,200,000",107600,2025-10-25 15:17:29
"111,466.63","10,698,554","106,200,000",107000,2025-10-25 18:25:50
"111,423.35","10,698,554","106,200,000",107050,2025-10-25 21:17:35
"111,729.02","10,698,554","106,200,000",107050,2025-10-26 01:27:44
"111,420.97","10,698,554","106,200,000",107050,2025-10-26 03:40:54
"111,581.66","10,698,554","106,200,000",107200,2025-10-26 06:28:25
"111,771.58","10,897,548","107,200,000",108300,2025-10-26 09:18:49
"113,612.61","10,902,165","107,200,000",108800,2025-10-26 12:35:58
"113,560.71","10,822,752","107,000,000",108050,2025-10-26 15:17:04
"113,554.77","10,787,894","107,800,000",107900,2025-10-26 18:25:06
"113,393.15","10,787,894","107,800,000",108000,2025-10-26 21:17:39
"115,194.02","10,787,894","107,800,000",108000,2025-10-27 01:30:16
"114,991.15","10,787,894","107,800,000",108000,2025-10-27 03:53:41
"115,723.42","10,787,894","107,200,000",108600,2025-10-27 06:32:56
"115,028.29","10,621,219","106,200,000",108100,2025-10-27 09:24:45
"115,136.08","10,564,892","105,800,000",107900,2025-10-27 12:42:29
"114,967.53","10,518,722","105,500,000",107900,2025-10-27 15:20:47
"115,416.62","10,567,662","105,500,000",107750,2025-10-27 18:29:25
"114,477.66","10,567,662","105,500,000",107800,2025-10-27 21:16:43
"114,211.97","10,567,662","105,500,000",107800,2025-10-28 01:24:17
"113,903.31","10,567,662","105,500,000",107800,2025-10-28 03:41:06
"113,877.83","10,567,662","105,200,000",107750,2025-10-28 06:30:41
"114,372.65","10,300,798","104,000,000",107650,2025-10-28 09:21:12
"114,271.1","10,333,348","104,000,000",107500,2025-10-28 12:39:04
"115,201.12","10,404,681","104,000,000",107350,2025-10-28 15:23:18
"115,027.14","10,395,447","104,000,000",107300,2025-10-28 18:29:16
"112,635.42","10,395,447","104,000,000",107200,2025-10-28 21:19:10
"112,118.16","10,395,447","104,000,000",107200,2025-10-29 01:27:42
"112,569.48","10,395,447","104,000,000",107200,2025-10-29 03:48:30
"113,087.77","10,395,447","103,200,000",107500,2025-10-29 06:32:52
"113,030.82","10,526,801","103,500,000",107400,2025-10-29 09:21:56
"113,103.82","10,562,352","104,500,000",107300,2025-10-29 12:42:26
"112,408.19","10,524,031","104,500,000",107300,2025-10-29 15:23:04
"111,356.0","10,499,099","104,500,000",107450,2025-10-29 18:31:29
"111,523.19","10,499,099","104,500,000",107300,2025-10-29 21:20:42
"110,510.82","10,499,099","104,500,000",107300,2025-10-30 01:26:30
"110,783.14","10,499,099","104,500,000",107300,2025-10-30 03:44:53
"110,166.99","10,499,099","104,500,000",107550,2025-10-30 06:28:38
"110,299.33","10,486,402","104,500,000",107650,2025-10-30 09:20:59
"109,000.08","10,381,134","104,500,000",107250,2025-10-30 12:39:25
"107,797.33","10,478,092","104,500,000",107700,2025-10-30 15:21:14
"107,329.1","10,508,795","104,500,000",108150,2025-10-30 18:27:54
"107,463.58","10,508,795","104,500,000",108150,2025-10-30 21:19:50
"109,936.65","10,508,795","104,500,000",108150,2025-10-31 01:24:00
"108,833.44","10,508,795","104,500,000",108150,2025-10-31 03:44:03
"109,659.23","10,508,795","104,500,000",108150,2025-10-31 06:31:09
"110,355.61","10,504,640","104,500,000",108150,2025-10-31 09:20:57
"110,132.51","10,500,715","104,500,000",107600,2025-10-31 12:39:35
"110,670.1","10,479,246","104,500,000",107550,2025-10-31 15:21:06
"109,230.87","10,426,150","104,500,000",107500,2025-10-31 18:29:25
"109,343.81","10,426,150","104,500,000",107450,2025-10-31 21:17:39
"109,762.07","10,426,150","104,500,000",107450,2025-11-01 01:28:13
"110,034.22","10,426,150","104,500,000",107450,2025-11-01 03:42:50
"109,970.13","10,426,150","104,500,000",107500,2025-11-01 06:25:46
"110,173.7","10,454,776","104,500,000",107400,2025-11-01 09:18:18
"110,033.43","10,536,959","104,700,000",108250,2025-11-01 12:36:41
"110,145.01","10,556,119","104,700,000",108450,2025-11-01 15:16:38
"110,237.19","10,532,111","104,700,000",108200,2025-11-01 18:24:39
"110,315.33","10,532,111","104,700,000",108100,2025-11-01 21:14:53
"110,028.63","10,532,111","104,700,000",108100,2025-11-02 01:29:12
"109,956.94","10,532,111","104,700,000",108100,2025-11-02 03:45:12
"110,281.85","10,532,111","105,500,000",108150,2025-11-02 06:28:25
"110,909.58","10,592,363","105,500,000",108100,2025-11-02 09:17:33
"110,910.95","10,572,741","105,500,000",108000,2025-11-02 12:33:36
"110,356.21","10,553,349","105,500,000",107850,2025-11-02 15:17:05
"110,213.94","10,543,653","105,500,000",107700,2025-11-02 18:23:19
"109,999.1","10,543,653","105,500,000",107700,2025-11-02 21:15:26
"109,553.84","10,543,653","105,500,000",107700,2025-11-03 01:29:08
"108,098.27","10,543,653","105,500,000",107700,2025-11-03 03:52:17
"107,475.2","10,543,653","105,200,000",107700,2025-11-03 06:30:19
"107,489.0","10,507,179","104,700,000",107750,2025-11-03 09:23:47
"107,910.35","10,523,108","104,700,000",108100,2025-11-03 12:40:27
"107,474.75","10,589,824","104,700,000",108350,2025-11-03 15:20:49
"107,389.33","10,482,478","104,700,000",107850,2025-11-03 18:27:53
"106,338.03","10,482,478","104,700,000",107750,2025-11-03 21:18:15
"107,084.56","10,482,478","104,700,000",107750,2025-11-04 01:24:30
"107,075.99","10,482,478","104,700,000",107750,2025-11-04 03:42:17
"104,783.12","10,482,478","104,200,000",107750,2025-11-04 06:29:01
"103,844.62","10,505,101","104,500,000",108450,2025-11-04 09:22:03
"103,915.55","10,474,167","104,600,000",108200,2025-11-04 12:41:40
"104,675.62","10,415,762","104,600,000",108600,2025-11-04 15:22:13
"100,498.36","10,399,372","104,600,000",108050,2025-11-04 18:30:01
"100,108.6","10,399,372","104,600,000",108050,2025-11-04 21:18:24
"99,371.13","10,399,372","104,600,000",108050,2025-11-05 01:25:55
"102,195.0","10,399,372","104,600,000",108050,2025-11-05 03:45:54
"101,842.92","10,399,372","104,600,000",108000,2025-11-05 06:30:17
"101,818.47","10,452,929","104,600,000",107600,2025-11-05 09:21:32
"102,478.69","10,467,473","104,400,000",107900,2025-11-05 12:41:40
"103,114.38","10,494,713","104,400,000",108000,2025-11-05 15:19:51
"104,072.77","10,509,487","104,400,000",107950,2025-11-05 18:29:26
"103,680.44","10,509,487","104,400,000",107950,2025-11-05 21:20:08
"102,908.05","10,509,487","104,400,000",107950,2025-11-06 01:26:55
"103,630.0","10,509,487","104,400,000",107950,2025-11-06 03:47:53
"103,451.3","10,509,487","104,600,000",107900,2025-11-06 06:29:08
"103,072.4","10,563,276","104,600,000",108300,2025-11-06 09:21:08
"102,846.93","10,492,405","104,600,000",107900,2025-11-06 12:39:26
"102,370.46","10,421,302","104,600,000",107800,2025-11-06 15:21:26
"101,305.56","10,395,216","104,600,000",107600,2025-11-06 18:29:14
"100,632.06","10,395,216","104,600,000",107600,2025-11-06 21:19:05
"101,591.32","10,395,216","104,600,000",107600,2025-11-07 01:25:25
"102,057.88","10,395,216","104,600,000",107600,2025-11-07 03:45:12
"102,257.13","10,395,216","104,600,000",108150,2025-11-07 06:29:50
"101,352.7","10,516,644","104,600,000",108150,2025-11-07 09:20:11
"99,639.42","10,476,014","104,600,000",108150,2025-11-07 12:39:32
"100,734.67","10,435,153","104,600,000",107900,2025-11-07 15:21:34
"102,614.77","10,457,084","104,600,000",107700,2025-11-07 18:27:17
"103,435.54","10,457,084","104,600,000",107700,2025-11-07 21:16:16
"102,963.58","10,457,084","104,600,000",107700,2025-11-08 01:20:53
"103,018.61","10,457,084","104,600,000",107700,2025-11-08 03:35:06
"102,243.22","10,457,084","104,500,000",107700,2025-11-08 06:26:12
"102,215.11","10,464,010","104,200,000",107900,2025-11-08 09:18:07
"101,978.44","10,464,010","104,200,000",108000,2025-11-08 12:34:23
"101,824.34","10,497,945","104,200,000",108250,2025-11-08 15:16:44
"101,931.18","10,449,697","104,200,000",107700,2025-11-08 18:24:51
"102,070.81","10,449,697","104,200,000",107800,2025-11-08 21:15:03
"101,846.55","10,449,697","104,200,000",107800,2025-11-09 01:28:34
"101,640.36","10,449,697","104,200,000",107800,2025-11-09 03:44:56
"101,859.36","10,449,697","104,000,000",107700,2025-11-09 06:27:19
"102,050.9","10,473,706","104,200,000",108000,2025-11-09 09:17:32
"102,162.63","10,464,010","104,200,000",107900,2025-11-09 12:36:21
"103,328.07","10,454,314","104,200,000",107800,2025-11-09 15:16:38
"103,619.79","10,449,697","104,200,000",107800,2025-11-09 18:24:11
"104,365.87","10,449,697","104,200,000",107750,2025-11-09 21:16:13
"106,132.66","10,449,697","104,200,000",107750,2025-11-10 01:28:24
"106,074.67","10,449,697","104,200,000",107750,2025-11-10 03:50:45
"106,106.24","10,449,697","105,000,000",107750,2025-11-10 06:31:44
"106,238.15","10,559,120","105,000,000",107500,2025-11-10 09:24:02
"105,926.76","10,647,305","104,800,000",107950,2025-11-10 12:40:01
"105,075.67","10,668,313","105,000,000",108400,2025-11-10 15:21:55
"105,981.99","10,681,933","105,000,000",108100,2025-11-10 18:28:20
"105,544.22","10,681,933","105,000,000",108250,2025-11-10 21:18:05
"107,084.62","10,681,933","105,000,000",108250,2025-11-11 01:26:01
"106,389.7","10,681,933","105,000,000",108250,2025-11-11 03:45:54
"105,096.91","10,681,933","105,500,000",108300,2025-11-11 06:29:27
"105,138.45","11,008,587","108,000,000",108900,2025-11-11 09:21:42
"104,903.84","11,081,536","109,000,000",109700,2025-11-11 12:39:22
"104,230.82","11,069,763","109,500,000",110450,2025-11-11 15:20:45
"103,093.05","11,060,990","109,500,000",110400,2025-11-11 18:27:31
"102,950.42","11,060,990","109,500,000",110400,2025-11-11 21:17:26
"103,133.86","11,060,990","109,500,000",110400,2025-11-12 01:25:39
"103,309.44","11,060,990","109,500,000",110400,2025-11-12 03:44:55
"103,551.08","11,060,990","109,500,000",110400,2025-11-12 06:29:59
"104,932.24","11,345,860","111,700,000",112700,2025-11-12 09:21:35
"104,953.71","11,387,644","111,700,000",113200,2025-11-12 12:40:28
"103,468.12","11,398,494","111,700,000",112600,2025-11-12 15:22:35
"101,730.81","11,520,153","111,700,000",112900,2025-11-12 18:28:10
"101,826.27","11,520,153","111,700,000",112900,2025-11-12 21:18:29
"102,047.99","11,520,153","111,700,000",112900,2025-11-13 01:26:07
"102,456.02","11,520,153","111,700,000",112900,2025-11-13 03:46:54
"103,537.9","11,520,153","113,000,000",112900,2025-11-13 06:30:22
"102,931.65","11,659,125","114,500,000",113550,2025-11-13 09:21:58
"103,136.52","11,567,016","114,000,000",112800,2025-11-13 12:41:29
"102,419.96","11,465,672","114,000,000",112700,2025-11-13 15:22:20
"98,932.18","11,425,966","114,000,000",112350,2025-11-13 18:28:16
"98,526.72","11,425,966","114,000,000",112350,2025-11-13 21:18:23
"99,099.17","11,425,966","114,000,000",112350,2025-11-14 01:25:58
"98,842.8","11,425,966","114,000,000",112350,2025-11-14 03:45:22
"96,841.21","11,425,966","114,000,000",112350,2025-11-14 06:29:49
"97,143.87","11,345,168","114,000,000",112350,2025-11-14 09:20:51
"95,107.54","11,184,957","114,000,000",112350,2025-11-14 12:39:22
"95,963.57","11,145,251","114,000,000",112850,2025-11-14 15:18:01
"95,796.43","11,214,506","114,000,000",113000,2025-11-14 18:27:47
"94,811.08","11,214,506","114,000,000",113000,2025-11-14 21:17:46
"95,100.42","11,214,506","114,000,000",113000,2025-11-15 01:23:04
"96,156.92","11,214,506","114,000,000",113000,2025-11-15 03:39:21
"96,426.48","11,214,506","111,500,000",113000,2025-11-15 06:26:50
"95,987.28","11,317,004","112,000,000",112750,2025-11-15 09:17:57
"95,711.19","11,301,999","111,600,000",112800,2025-11-15 12:35:10
"96,255.86","11,331,548","111,600,000",113100,2025-11-15 15:17:46
"95,967.99","11,292,072","111,600,000",112700,2025-11-15 18:24:23
"95,496.67","11,292,072","111,600,000",112700,2025-11-15 21:16:03
"95,097.05","11,292,072","111,600,000",112700,2025-11-16 01:38:09
"95,685.84","11,292,072","111,600,000",112700,2025-11-16 03:48:13
"95,876.7","11,292,072","111,000,000",112750,2025-11-16 06:27:27
"95,979.73","11,167,643","110,600,000",112300,2025-11-16 09:18:21
"95,650.66","11,123,320","110,200,000",111850,2025-11-16 12:34:41
"95,360.85","11,093,771","110,200,000",111550,2025-11-16 15:17:13
"94,787.34","11,113,393","110,200,000",111700,2025-11-16 18:25:08
"93,728.02","11,113,393","110,200,000",112100,2025-11-16 21:16:29
"94,874.34","11,113,393","110,200,000",112100,2025-11-17 01:26:05
"95,287.15","11,113,393","110,200,000",112100,2025-11-17 03:49:18
"94,992.91","11,113,393","110,000,000",111800,2025-11-17 06:30:17
"95,733.66","11,121,473","110,200,000",111900,2025-11-17 09:24:41
"95,287.0","11,195,346","110,200,000",112100,2025-11-17 12:40:19
"93,752.26","11,147,098","110,200,000",112100,2025-11-17 15:21:27
"92,535.33","11,207,581","110,200,000",112100,2025-11-17 18:28:08
"91,955.02","11,207,581","110,200,000",112100,2025-11-17 21:17:57
"91,929.63","11,207,581","110,200,000",112100,2025-11-18 01:24:56
"90,685.73","11,207,581","110,200,000",112100,2025-11-18 03:44:42
"89,880.22","11,207,581","110,200,000",112050,2025-11-18 06:29:00
"91,293.55","11,110,623","109,500,000",112300,2025-11-18 09:21:28
"92,131.11","11,202,964","109,800,000",112550,2025-11-18 15:21:49
"93,296.48","11,211,505","109,800,000",112300,2025-11-18 18:29:24
"92,439.92","11,211,505","109,800,000",112300,2025-11-19 01:24:59
"92,079.77","11,211,505","109,800,000",112300,2025-11-19 03:44:21
"90,670.21","11,211,505","109,500,000",112300,2025-11-19 06:29:26
"91,287.17","11,326,469","111,200,000",112950,2025-11-19 09:22:16
"91,300.82","11,420,194","112,200,000",113150,2025-11-19 12:40:09
"92,036.81","11,470,520","112,200,000",113400,2025-11-19 15:21:03
"88,926.49","11,364,328","112,200,000",113700,2025-11-19 18:29:36
"89,577.48","11,364,328","112,200,000",113700,2025-11-19 21:15:46
"92,377.47","11,364,328","112,200,000",113700,2025-11-20 01:23:44
"92,532.01","11,364,328","112,200,000",113700,2025-11-20 03:43:23
"92,358.52","11,364,328","112,500,000",113600,2025-11-20 06:28:37
"91,957.09","11,438,201","112,800,000",114400,2025-11-20 09:20:23
"91,800.28","11,373,562","112,500,000",113900,2025-11-20 12:39:02
"90,443.71","11,365,252","112,500,000",113300,2025-11-20 15:20:39
"86,885.58","11,316,542","112,500,000",113550,2025-11-20 18:29:03
"86,855.54","11,316,542","112,500,000",113500,2025-11-20 21:18:15
"87,082.98","11,316,542","112,500,000",113500,2025-11-21 01:24:23
"85,891.54","11,316,542","112,500,000",113500,2025-11-21 03:42:53
"85,540.36","11,316,542","112,500,000",113500,2025-11-21 06:30:11
"83,548.14","11,295,997","112,500,000",113500,2025-11-21 09:21:11
"81,921.91","11,289,994","112,500,000",113550,2025-11-21 12:38:08
"83,940.54","11,302,922","112,500,000",113350,2025-11-21 15:18:06
"83,536.77","11,324,160","112,500,000",113050,2025-11-21 18:26:23
"84,569.92","11,324,160","112,500,000",113000,2025-11-21 21:17:28
"84,851.61","11,324,160","112,500,000",113000,2025-11-22 01:21:41
"84,253.02","11,324,160","112,500,000",113000,2025-11-22 03:37:09
"84,414.99","11,324,160","112,000,000",112800,2025-11-22 06:26:22
"84,212.64","11,324,160","111,000,000",112550,2025-11-22 09:18:29
"83,672.45","11,159,102","110,500,000",112400,2025-11-22 12:34:15
"84,339.1","11,154,254","109,800,000",112300,2025-11-22 15:17:37
"84,529.41","11,134,632","109,800,000",112200,2025-11-22 18:25:37
"84,239.0","11,134,632","109,800,000",112200,2025-11-22 21:16:31
"85,721.79","11,134,632","109,800,000",112200,2025-11-23 01:44:23
"86,053.92","11,134,632","109,800,000",112200,2025-11-23 03:56:42
"86,069.92","11,134,632","110,500,000",112200,2025-11-23 06:27:45
"86,127.56","11,256,983","111,000,000",113300,2025-11-23 09:18:42
"86,735.16","11,252,135","111,500,000",113350,2025-11-23 12:34:14
"86,657.71","11,301,306","111,500,000",113850,2025-11-23 15:17:35
"86,970.04","11,325,776","111,500,000",114200,2025-11-23 18:26:00
"87,248.02","11,325,776","111,500,000",114100,2025-11-23 21:16:47
"86,545.87","11,325,776","111,500,000",114100,2025-11-24 01:40:00
"87,278.42","11,325,776","111,500,000",114100,2025-11-24 03:56:20
"87,004.24","11,325,776","111,500,000",114000,2025-11-24 06:30:44
"85,939.46","11,268,987","111,500,000",113400,2025-11-24 09:24:09
"86,027.02","11,295,535","111,500,000",113400,2025-11-24 12:40:26
"86,064.69","11,344,706","111,500,000",113750,2025-11-24 15:22:18
"88,262.12","11,304,307","111,500,000",113300,2025-11-24 18:28:56
"88,981.92","11,304,307","111,500,000",113300,2025-11-24 21:18:51
"88,043.26","11,304,307","111,500,000",113300,2025-11-25 01:25:17
"87,622.16","11,304,307","111,500,000",113300,2025-11-25 03:48:21
"87,935.89","11,304,307","112,000,000",113300,2025-11-25 06:30:48
"86,824.91","11,277,990","111,600,000",112700,2025-11-25 09:23:03
"87,417.95","11,399,879","111,200,000",113900,2025-11-25 12:40:49
"86,516.8","11,328,547","112,200,000",113350,2025-11-25 15:21:43
"87,581.49","11,363,867","112,200,000",113200,2025-11-25 18:30:05
"87,267.21","11,363,867","112,200,000",113250,2025-11-25 21:18:28
"87,451.4","11,363,867","112,200,000",113250,2025-11-26 01:25:34
"87,305.75","11,363,867","112,200,000",113250,2025-11-26 03:47:37
"87,563.73","11,363,867","112,500,000",113200,2025-11-26 06:30:18
"87,222.88","11,433,353","112,500,000",113150,2025-11-26 09:22:46
"86,558.12","11,548,778","113,000,000",114300,2025-11-26 12:41:39
"87,024.1","11,505,147","113,000,000",114000,2025-11-26 15:19:03
"90,219.96","11,512,073","113,000,000",113750,2025-11-26 18:24:53
"89,861.97","11,512,073","113,000,000",113750,2025-11-26 21:17:26
"90,637.69","11,512,073","113,000,000",113750,2025-11-27 01:24:22
"91,174.66","11,512,073","113,000,000",113750,2025-11-27 03:44:51
"91,367.78","11,512,073","113,500,000",113800,2025-11-27 06:31:14
"91,734.92","11,514,612","113,500,000",114300,2025-11-27 09:22:01
"91,199.64","11,509,995","113,500,000",114050,2025-11-27 12:40:44
"90,849.42","11,558,705","113,500,000",114500,2025-11-27 15:20:07
"91,449.94","11,535,620","113,500,000",114350,2025-11-27 18:27:28
"91,385.9","11,535,620","113,500,000",114350,2025-11-27 21:17:49
"90,890.65","11,535,620","113,500,000",114350,2025-11-28 01:23:23
"91,139.66","11,535,620","113,500,000",114350,2025-11-28 03:44:31
"91,328.23","11,535,620","113,500,000",114350,2025-11-28 06:30:41
